번호,종목명,평가액 (억원),자산군 내 비중, 지분율
1,APPLE INC,"74,030 ",3.07%,0.28%
2,MICROSOFT CORP,"63,855 ",2.65%,0.28%
3,ALPHABET INC CL A,"26,432 ",1.10%,0.40%
4,AMAZON.COM INC,"25,673 ",1.07%,0.24%
5,UNITEDHEALTH GROUP INC,"25,065 ",1.04%,0.40%
6,ALPHABET INC CL C,"22,584 ",0.94%,0.33%
7,INVESCO PUREBETA MSCI USA ETF,"22,209 ",0.92%,80.43%
8,EXXON MOBIL CORP,"16,809 ",0.70%,0.29%
9,JOHNSON + JOHNSON,"16,531 ",0.69%,0.28%
10,NESTLE SA REG,"16,094 ",0.67%,0.40%
11,NOVO NORDISK A/S B,"16,056 ",0.67%,0.54%
12,MASTERCARD INC   A,"15,847 ",0.66%,0.38%
13,TAIWAN SEMICONDUCTOR SP ADR,"15,837 ",0.66%,0.32%
14,ROCHE HOLDING AG GENUSSCHEIN,"15,223 ",0.63%,0.54%
15,NVIDIA CORP,"13,996 ",0.58%,0.31%
16,JPMORGAN CHASE + CO,"13,897 ",0.58%,0.28%
17,MERCK + CO. INC.,"13,222 ",0.55%,0.37%
18,PROCTER + GAMBLE CO/THE,"13,215 ",0.55%,0.29%
19,THE CIGNA GROUP,"11,336 ",0.47%,0.88%
20,META PLATFORMS INC CLASS A,"11,310 ",0.47%,0.33%
21,ISHARES CORE S+P 500 ETF,"11,233 ",0.47%,0.31%
22,CHEVRON CORP,"11,007 ",0.46%,0.25%
23,VISA INC CLASS A SHARES,"10,885 ",0.45%,0.25%
24,TAIWAN SEMICONDUCTOR MANUFAC,"10,884 ",0.45%,0.23%
25,MERCEDES BENZ GROUP AG,"10,862 ",0.45%,1.22%
26,HCA HEALTHCARE INC,"10,776 ",0.45%,1.25%
27,ELEVANCE HEALTH INC,"10,529 ",0.44%,0.68%
28,ORACLE CORP,"10,339 ",0.43%,0.37%
29,PEPSICO INC,"9,966 ",0.41%,0.32%
30,LVMH MOET HENNESSY LOUIS VUI,"9,833 ",0.41%,0.21%
31,AIA GROUP LTD,"9,823 ",0.41%,0.59%
32,TENCENT HOLDINGS LTD,"9,729 ",0.40%,0.19%
33,NOVARTIS AG REG,"9,472 ",0.39%,0.34%
34,TESLA INC,"9,340 ",0.39%,0.19%
35,ASML HOLDING NV,"9,151 ",0.38%,0.33%
36,BOOKING HOLDINGS INC,"9,103 ",0.38%,0.92%
37,BERKSHIRE HATHAWAY INC CL B,"9,095 ",0.38%,0.18%
38,HOME DEPOT INC,"8,965 ",0.37%,0.22%
39,DANAHER CORP,"8,919 ",0.37%,0.36%
40,MEDTRONIC PLC,"8,884 ",0.37%,0.68%
41,BANK OF AMERICA CORP,"8,774 ",0.36%,0.26%
42,AUTOMATIC DATA PROCESSING,"8,590 ",0.36%,0.68%
43,CISCO SYSTEMS INC,"8,417 ",0.35%,0.34%
44,THERMO FISHER SCIENTIFIC INC,"8,323 ",0.35%,0.30%
45,ACCENTURE PLC CL A,"8,160 ",0.34%,0.37%
46,NORTHROP GRUMMAN CORP,"8,151 ",0.34%,0.77%
47,ALIBABA GROUP HOLDING LTD,"8,131 ",0.34%,0.27%
48,ELI LILLY + CO,"8,087 ",0.34%,0.18%
49,BNP PARIBAS,"8,051 ",0.33%,0.91%
50,ADOBE INC,"8,002 ",0.33%,0.40%
51,COSTCO WHOLESALE CORP,"7,916 ",0.33%,0.31%
52,PFIZER INC,"7,734 ",0.32%,0.21%
53,TEXAS INSTRUMENTS INC,"7,653 ",0.32%,0.40%
54,COMCAST CORP CLASS A,"7,610 ",0.32%,0.40%
55,WELLS FARGO + CO,"7,605 ",0.32%,0.38%
56,NIKE INC  CL B,"7,510 ",0.31%,0.41%
57,INTUITIVE SURGICAL INC,"7,412 ",0.31%,0.62%
58,MICRON TECHNOLOGY INC,"7,409 ",0.31%,1.07%
59,ABBVIE INC,"7,348 ",0.30%,0.20%
60,KEYENCE CORP,"7,338 ",0.30%,0.61%
61,COMPASS GROUP PLC,"6,819 ",0.28%,1.33%
62,BROADCOM INC,"6,669 ",0.28%,0.23%
63,TJX COMPANIES INC,"6,615 ",0.27%,0.57%
64,SHELL PLC,"6,603 ",0.27%,0.27%
65,UNILEVER PLC,"6,549 ",0.27%,0.41%
66,DEERE + CO,"6,530 ",0.27%,0.40%
67,ING GROEP NV,"6,516 ",0.27%,1.14%
68,VANGUARD FTSE ALL WORLD EX US,"6,477 ",0.27%,1.57%
69,CONOCOPHILLIPS,"6,461 ",0.27%,0.35%
70,COCA COLA CO/THE,"6,397 ",0.27%,0.18%
71,TOTALENERGIES SE,"6,332 ",0.26%,0.30%
72,WALMART INC,"6,031 ",0.25%,0.12%
73,SANOFI,"5,949 ",0.25%,0.39%
74,SCHWAB (CHARLES) CORP,"5,868 ",0.24%,0.31%
75,NETFLIX INC,"5,789 ",0.24%,0.35%
76,BAYERISCHE MOTOREN WERKE AG,"5,697 ",0.24%,0.84%
77,LINDE PLC,"5,655 ",0.23%,0.28%
78,ASTRAZENECA PLC,"5,500 ",0.23%,0.21%
79,AON PLC CLASS A,"5,449 ",0.23%,0.69%
80,SIEMENS AG REG,"5,389 ",0.22%,0.36%
81,PHILIP MORRIS INTERNATIONAL,"5,219 ",0.22%,0.26%
82,KERING,"5,202 ",0.22%,0.65%
83,GOLDMAN SACHS GROUP INC,"5,144 ",0.21%,0.35%
84,WALT DISNEY CO/THE,"5,072 ",0.21%,0.25%
85,SALESFORCE INC,"5,069 ",0.21%,0.30%
86,BHP GROUP LTD,"5,059 ",0.21%,0.25%
87,L OREAL,"5,043 ",0.21%,0.21%
88,FISERV INC,"5,000 ",0.21%,0.61%
89,GILEAD SCIENCES INC,"4,975 ",0.21%,0.36%
90,MEITUAN CLASS B,"4,934 ",0.20%,0.31%
91,PRUDENTIAL PLC,"4,928 ",0.20%,1.04%
92,S+P GLOBAL INC,"4,922 ",0.20%,0.36%
93,DIAGEO PLC,"4,905 ",0.20%,0.39%
94,SUNCOR ENERGY INC,"4,900 ",0.20%,0.91%
95,ALLIANZ SE REG,"4,896 ",0.20%,0.44%
96,MORGAN STANLEY,"4,887 ",0.20%,0.27%
97,AMERICAN EXPRESS CO,"4,883 ",0.20%,0.35%
98,BRISTOL MYERS SQUIBB CO,"4,880 ",0.20%,0.25%
99,VERIZON COMMUNICATIONS INC,"4,868 ",0.20%,0.23%
100,T MOBILE US INC,"4,842 ",0.20%,0.22%
101,HEINEKEN NV,"4,816 ",0.20%,0.70%
102,SCHLUMBERGER LTD,"4,816 ",0.20%,0.50%
103,ILLUMINA INC,"4,789 ",0.20%,1.19%
104,ABBOTT LABORATORIES,"4,782 ",0.20%,0.20%
105,SUMITOMO MITSUI FINANCIAL GR,"4,770 ",0.20%,0.68%
106,STRYKER CORP,"4,769 ",0.20%,0.41%
107,ADYEN NV,"4,678 ",0.19%,0.87%
108,AMPHENOL CORP CL A,"4,648 ",0.19%,0.81%
109,SCHNEIDER ELECTRIC SE,"4,636 ",0.19%,0.46%
110,CANADIAN NATL RAILWAY CO,"4,603 ",0.19%,0.45%
111,BECTON DICKINSON AND CO,"4,561 ",0.19%,0.50%
112,AIR PRODUCTS + CHEMICALS INC,"4,541 ",0.19%,0.52%
113,ALIMENTATION COUCHE TARD INC,"4,414 ",0.18%,0.79%
114,MCDONALD S CORP,"4,408 ",0.18%,0.18%
115,CSL LTD,"4,405 ",0.18%,0.37%
116,EDWARDS LIFESCIENCES CORP,"4,372 ",0.18%,0.75%
117,AT+T INC,"4,173 ",0.17%,0.25%
118,TE CONNECTIVITY LTD,"4,171 ",0.17%,0.90%
119,MODERNA INC,"4,165 ",0.17%,0.48%
120,DEXCOM INC,"4,145 ",0.17%,0.75%
121,HALLIBURTON CO,"4,142 ",0.17%,0.91%
122,MARATHON PETROLEUM CORP,"4,140 ",0.17%,0.60%
123,INTUIT INC,"4,132 ",0.17%,0.30%
124,DAIMLER TRUCK HOLDING AG,"4,106 ",0.17%,1.27%
125,SERVICENOW INC,"4,097 ",0.17%,0.41%
126,MARSH + MCLENNAN COS,"4,074 ",0.17%,0.39%
127,AMGEN INC,"4,027 ",0.17%,0.23%
128,RAYTHEON TECHNOLOGIES CORP,"4,022 ",0.17%,0.21%
129,UBS GROUP AG REG,"4,010 ",0.17%,0.48%
130,CME GROUP INC,"4,005 ",0.17%,0.52%
131,LAM RESEARCH CORP,"3,989 ",0.17%,0.55%
132,UNION PACIFIC CORP,"3,970 ",0.16%,0.25%
133,BAYER AG REG,"3,959 ",0.16%,0.62%
134,HONEYWELL INTERNATIONAL INC,"3,940 ",0.16%,0.22%
135,QUALCOMM INC,"3,927 ",0.16%,0.25%
136,HSBC HOLDINGS PLC,"3,921 ",0.16%,0.25%
137,CHUBB LTD,"3,913 ",0.16%,0.34%
138,SHIN ETSU CHEMICAL CO LTD,"3,880 ",0.16%,0.61%
139,SAP SE,"3,829 ",0.16%,0.24%
140,NEXTERA ENERGY INC,"3,824 ",0.16%,0.18%
141,LOWE S COS INC,"3,791 ",0.16%,0.25%
142,AIRBUS SE,"3,777 ",0.16%,0.32%
143,ANHEUSER BUSCH INBEV SA/NV,"3,770 ",0.16%,0.29%
144,LLOYDS BANKING GROUP PLC,"3,663 ",0.15%,0.79%
145,BP PLC,"3,643 ",0.15%,0.28%
146,ENBRIDGE INC,"3,635 ",0.15%,0.36%
147,ADVANCED MICRO DEVICES,"3,635 ",0.15%,0.27%
148,IQVIA HOLDINGS INC,"3,614 ",0.15%,0.75%
149,ESTEE LAUDER COMPANIES CL A,"3,604 ",0.15%,0.50%
150,ESSILORLUXOTTICA,"3,600 ",0.15%,0.35%
151,CITIGROUP INC,"3,596 ",0.15%,0.32%
152,CVS HEALTH CORP,"3,595 ",0.15%,0.23%
153,INTERPUBLIC GROUP OF COS INC,"3,583 ",0.15%,2.18%
154,HESS CORP,"3,570 ",0.15%,0.64%
155,UNITED PARCEL SERVICE CL B,"3,533 ",0.15%,0.22%
156,BLACKROCK INC,"3,520 ",0.15%,0.26%
157,COLGATE PALMOLIVE CO,"3,517 ",0.15%,0.42%
158,COGNIZANT TECH SOLUTIONS A,"3,504 ",0.15%,0.94%
159,INVESCO MSCI USA UCITS ETF,"3,496 ",0.15%,9.13%
160,NXP SEMICONDUCTORS NV,"3,486 ",0.14%,0.67%
161,IBERDROLA SA,"3,458 ",0.14%,0.37%
162,TOYOTA MOTOR CORP,"3,449 ",0.14%,0.12%
163,WORKDAY INC CLASS A,"3,438 ",0.14%,0.80%
164,PDD HOLDINGS INC,"3,425 ",0.14%,0.26%
165,VERTEX PHARMACEUTICALS INC,"3,414 ",0.14%,0.36%
166,HOUSING DEVELOPMENT FINANCE,"3,413 ",0.14%,0.46%
167,BANK OF NEW YORK MELLON CORP,"3,356 ",0.14%,0.72%
168,NEXT FUNDS TOPIX EXCHANGE TRAD,"3,350 ",0.14%,0.22%
169,INTL BUSINESS MACHINES CORP,"3,341 ",0.14%,0.21%
170,STARBUCKS CORP,"3,334 ",0.14%,0.23%
171,SEVEN + I HOLDINGS CO LTD,"3,316 ",0.14%,0.69%
172,INTEL CORP,"3,309 ",0.14%,0.24%
173,MARKETAXESS HOLDINGS INC,"3,304 ",0.14%,2.48%
174,LYXOR CAC 40 DR UCITS ETF,"3,284 ",0.14%,8.49%
175,PAYCHEX INC,"3,284 ",0.14%,0.62%
176,VALERO ENERGY CORP,"3,268 ",0.14%,0.53%
177,L3HARRIS TECHNOLOGIES INC,"3,266 ",0.14%,0.65%
178,PROSUS NV,"3,265 ",0.14%,0.19%
179,ISHARES S+P/TSX 60 INDEX ETF,"3,258 ",0.14%,3.28%
180,SYNOPSYS INC,"3,255 ",0.14%,0.53%
181,WILLIS TOWERS WATSON PLC,"3,238 ",0.13%,0.97%
182,GLENCORE PLC,"3,236 ",0.13%,0.30%
183,PROLOGIS INC,"3,227 ",0.13%,0.24%
184,EOG RESOURCES INC,"3,226 ",0.13%,0.33%
185,DBS GROUP HOLDINGS LTD,"3,183 ",0.13%,0.39%
186,GENERAL MOTORS CO,"3,136 ",0.13%,0.52%
187,DANONE,"3,123 ",0.13%,0.69%
188,SYSCO CORP,"3,093 ",0.13%,0.63%
189,RIO TINTO PLC,"3,077 ",0.13%,0.28%
190,SONY GROUP CORP,"3,072 ",0.13%,0.25%
191,CATERPILLAR INC,"3,041 ",0.13%,0.19%
192,BOEING CO/THE,"3,031 ",0.13%,0.21%
193,CIE FINANCIERE RICHEMO A REG,"3,030 ",0.13%,0.35%
194,FREEPORT MCMORAN INC,"3,026 ",0.13%,0.44%
195,CHINA CONSTRUCTION BANK H,"3,014 ",0.13%,0.16%
196,HERMES INTERNATIONAL,"3,014 ",0.13%,0.15%
197,FASTENAL CO,"3,013 ",0.13%,0.88%
198,TORONTO DOMINION BANK,"3,007 ",0.12%,0.20%
199,MITSUBISHI UFJ FINANCIAL GRO,"2,994 ",0.12%,0.27%
200,HUMANA INC,"2,990 ",0.12%,0.36%
201,WATERS CORP,"2,983 ",0.12%,1.16%
202,BRITISH AMERICAN TOBACCO PLC,"2,976 ",0.12%,0.27%
203,AXA SA,"2,970 ",0.12%,0.36%
204,STATE STREET CORP,"2,956 ",0.12%,0.82%
205,LOCKHEED MARTIN CORP,"2,954 ",0.12%,0.18%
206,CHARTER COMMUNICATIONS INC A,"2,937 ",0.12%,0.44%
207,EXPERIAN PLC,"2,924 ",0.12%,0.74%
208,BAE SYSTEMS PLC,"2,921 ",0.12%,0.73%
209,APPLIED MATERIALS INC,"2,898 ",0.12%,0.28%
210,PIONEER NATURAL RESOURCES CO,"2,865 ",0.12%,0.42%
211,OMNICOM GROUP,"2,843 ",0.12%,1.35%
212,COMMONWEALTH BANK OF AUSTRAL,"2,842 ",0.12%,0.19%
213,PERNOD RICARD SA,"2,812 ",0.12%,0.44%
214,WOLTERS KLUWER,"2,798 ",0.12%,0.82%
215,BOSTON SCIENTIFIC CORP,"2,789 ",0.12%,0.33%
216,FIDELITY NATIONAL INFO SERV,"2,768 ",0.11%,0.54%
217,MOODY S CORP,"2,750 ",0.11%,0.43%
218,RECKITT BENCKISER GROUP PLC,"2,715 ",0.11%,0.43%
219,ENI SPA,"2,714 ",0.11%,0.42%
220,GSK PLC,"2,699 ",0.11%,0.30%
221,HENKEL AG + CO KGAA VOR PREF,"2,698 ",0.11%,1.72%
222,MCKESSON CORP,"2,684 ",0.11%,0.40%
223,APTIV PLC,"2,680 ",0.11%,0.84%
224,EATON CORP PLC,"2,672 ",0.11%,0.34%
225,T ROWE PRICE GROUP INC,"2,660 ",0.11%,0.86%
226,NATIONAL GRID PLC,"2,660 ",0.11%,0.48%
227,ROYAL BANK OF CANADA,"2,647 ",0.11%,0.16%
228,HP INC,"2,637 ",0.11%,0.79%
229,AMERICAN INTERNATIONAL GROUP,"2,634 ",0.11%,0.44%
230,AUTOZONE INC,"2,633 ",0.11%,0.45%
231,PAYPAL HOLDINGS INC,"2,633 ",0.11%,0.26%
232,YUM CHINA HOLDINGS INC,"2,616 ",0.11%,0.90%
233,VINCI SA,"2,590 ",0.11%,0.35%
234,ZOETIS INC,"2,589 ",0.11%,0.30%
235,TRUIST FINANCIAL CORP,"2,582 ",0.11%,0.36%
236,HEWLETT PACKARD ENTERPRISE,"2,581 ",0.11%,1.00%
237,JULIUS BAER GROUP LTD,"2,574 ",0.11%,1.63%
238,ATLAS COPCO AB A SHS,"2,561 ",0.11%,0.51%
239,ANALOG DEVICES INC,"2,560 ",0.11%,0.24%
240,FORTINET INC,"2,545 ",0.11%,0.53%
241,BANK OF NOVA SCOTIA,"2,517 ",0.10%,0.34%
242,RELIANCE INDUSTRIES LTD,"2,516 ",0.10%,0.10%
243,AMERICAN TOWER CORP,"2,500 ",0.10%,0.20%
244,MONDELEZ INTERNATIONAL INC A,"2,493 ",0.10%,0.22%
245,FANUC CORP,"2,468 ",0.10%,0.64%
246,COSTAR GROUP INC,"2,433 ",0.10%,0.61%
247,DUKE ENERGY CORP,"2,427 ",0.10%,0.24%
248,UNITED OVERSEAS BANK LTD,"2,390 ",0.10%,0.49%
249,ALLSTATE CORP,"2,388 ",0.10%,0.52%
250,INDUSTRIA DE DISENO TEXTIL,"2,358 ",0.10%,0.23%
251,ALTRIA GROUP INC,"2,344 ",0.10%,0.23%
252,CANADIAN NATURAL RESOURCES,"2,339 ",0.10%,0.30%
253,HITACHI LTD,"2,305 ",0.10%,0.38%
254,CUMMINS INC,"2,299 ",0.10%,0.53%
255,CSX CORP,"2,295 ",0.10%,0.28%
256,OCCIDENTAL PETROLEUM CORP,"2,292 ",0.10%,0.32%
257,CDW CORP/DE,"2,286 ",0.09%,0.75%
258,SAFRAN SA,"2,286 ",0.09%,0.34%
259,ASML HOLDING NV NY REG SHS,"2,284 ",0.09%,0.08%
260,EQUINIX INC,"2,270 ",0.09%,0.30%
261,INTERCONTINENTAL EXCHANGE IN,"2,264 ",0.09%,0.31%
262,BANK CENTRAL ASIA TBK PT,"2,263 ",0.09%,0.26%
263,BLACKSTONE INC,"2,245 ",0.09%,0.34%
264,GARTNER INC,"2,235 ",0.09%,0.66%
265,SPDR GOLD SHARES,"2,220 ",0.09%,0.33%
266,MERCADOLIBRE INC,"2,216 ",0.09%,0.41%
267,JOHNSON CONTROLS INTERNATION,"2,208 ",0.09%,0.40%
268,MASCO CORP,"2,205 ",0.09%,1.65%
269,US BANCORP,"2,167 ",0.09%,0.26%
270,PARKER HANNIFIN CORP,"2,165 ",0.09%,0.46%
271,DR HORTON INC,"2,148 ",0.09%,0.55%
272,REGENERON PHARMACEUTICALS,"2,145 ",0.09%,0.22%
273,BEST BUY CO INC,"2,141 ",0.09%,0.95%
274,ZURICH INSURANCE GROUP AG,"2,139 ",0.09%,0.23%
275,CANADIAN PACIFIC RAILWAY LTD,"2,124 ",0.09%,0.24%
276,FIRST REPUBLIC BANK/CA,"2,119 ",0.09%,0.75%
277,JD.COM INC   CL A,"2,115 ",0.09%,0.22%
278,DOW INC,"2,105 ",0.09%,0.47%
279,WEST PHARMACEUTICAL SERVICES,"2,100 ",0.09%,0.95%
280,QUEST DIAGNOSTICS INC,"2,092 ",0.09%,0.93%
281,KDDI CORP,"2,090 ",0.09%,0.24%
282,TRADE DESK INC/THE  CLASS A,"2,085 ",0.09%,0.82%
283,MANULIFE FINANCIAL CORP,"2,082 ",0.09%,0.49%
284,GENERAL ELECTRIC CO,"2,065 ",0.09%,0.18%
285,NATWEST GROUP PLC,"2,064 ",0.09%,0.53%
286,3M CO W/D,"2,047 ",0.08%,0.24%
287,WALGREENS BOOTS ALLIANCE INC,"2,046 ",0.08%,0.50%
288,DOLLAR GENERAL CORP,"2,012 ",0.08%,0.29%
289,MITSUI + CO LTD,"1,994 ",0.08%,0.34%
290,IDEXX LABORATORIES INC,"1,994 ",0.08%,0.47%
291,HONG KONG EXCHANGES + CLEAR,"1,972 ",0.08%,0.28%
292,TRAVELERS COS INC/THE,"1,969 ",0.08%,0.35%
293,CNH INDUSTRIAL NV,"1,959 ",0.08%,0.72%
294,TARGET CORP,"1,953 ",0.08%,0.22%
295,ROPER TECHNOLOGIES INC,"1,946 ",0.08%,0.34%
296,PHILLIPS 66,"1,943 ",0.08%,0.31%
297,NORDEA BANK ABP,"1,938 ",0.08%,0.39%
298,SOUTHERN CO/THE,"1,918 ",0.08%,0.19%
299,SEAGATE TECHNOLOGY HOLDINGS,"1,911 ",0.08%,1.39%
300,DEVON ENERGY CORP,"1,892 ",0.08%,0.37%
301,WASTE MANAGEMENT INC,"1,892 ",0.08%,0.23%
302,ANGLO AMERICAN PLC,"1,875 ",0.08%,0.31%
303,OLD DOMINION FREIGHT LINE,"1,871 ",0.08%,0.47%
304,HENRY SCHEIN INC,"1,870 ",0.08%,1.36%
305,WILLIAMS COS INC,"1,868 ",0.08%,0.37%
306,MSCI INC,"1,858 ",0.08%,0.39%
307,TRACTOR SUPPLY COMPANY,"1,851 ",0.08%,0.59%
308,METTLER TOLEDO INTERNATIONAL,"1,845 ",0.08%,0.45%
309,ELECTRONIC ARTS INC,"1,840 ",0.08%,0.43%
310,ABB LTD REG,"1,834 ",0.08%,0.24%
311,NATIONAL AUSTRALIA BANK LTD,"1,833 ",0.08%,0.23%
312,ATLASSIAN CORP CL A,"1,826 ",0.08%,0.76%
313,EQUINOR ASA,"1,814 ",0.08%,0.13%
314,PING AN INSURANCE GROUP CO H,"1,810 ",0.08%,0.29%
315,CHENIERE ENERGY INC,"1,809 ",0.08%,0.38%
316,TOKYO ELECTRON LTD,"1,788 ",0.07%,0.30%
317,EXPEDITORS INTL WASH INC,"1,775 ",0.07%,0.85%
318,PROGRESSIVE CORP,"1,773 ",0.07%,0.18%
319,DEUTSCHE POST AG REG,"1,772 ",0.07%,0.30%
320,PNC FINANCIAL SERVICES GROUP,"1,769 ",0.07%,0.22%
321,CINTAS CORP,"1,766 ",0.07%,0.30%
322,ARCHER DANIELS MIDLAND CO,"1,758 ",0.07%,0.27%
323,HERSHEY CO/THE,"1,753 ",0.07%,0.41%
324,IRON MOUNTAIN INC,"1,752 ",0.07%,0.95%
325,METLIFE INC,"1,751 ",0.07%,0.24%
326,GRUPO FINANCIERO BANORTE O,"1,750 ",0.07%,0.67%
327,ARTHUR J GALLAGHER + CO,"1,748 ",0.07%,0.35%
328,KASIKORNBANK PCL FOREIGN,"1,747 ",0.07%,1.37%
329,TRANE TECHNOLOGIES PLC,"1,741 ",0.07%,0.35%
330,EXELON CORP,"1,736 ",0.07%,0.32%
331,BANCO SANTANDER SA,"1,728 ",0.07%,0.27%
332,SHERWIN WILLIAMS CO/THE,"1,728 ",0.07%,0.22%
333,DUPONT DE NEMOURS INC,"1,728 ",0.07%,0.40%
334,CADENCE DESIGN SYS INC,"1,722 ",0.07%,0.31%
335,AUTODESK INC,"1,701 ",0.07%,0.33%
336,FORD MOTOR CO,"1,700 ",0.07%,0.29%
337,LONZA GROUP AG REG,"1,693 ",0.07%,0.37%
338,LENNAR CORP A,"1,670 ",0.07%,0.57%
339,BANK OF MONTREAL,"1,664 ",0.07%,0.21%
340,ILLINOIS TOOL WORKS,"1,664 ",0.07%,0.19%
341,AMERIPRISE FINANCIAL INC,"1,648 ",0.07%,0.39%
342,O REILLY AUTOMOTIVE INC,"1,629 ",0.07%,0.24%
343,EMERSON ELECTRIC CO,"1,626 ",0.07%,0.23%
344,AGNICO EAGLE MINES LTD,"1,621 ",0.07%,0.54%
345,DEUTSCHE TELEKOM AG REG,"1,620 ",0.07%,0.13%
346,WOODSIDE ENERGY GROUP LTD,"1,608 ",0.07%,0.28%
347,PPG INDUSTRIES INC,"1,605 ",0.07%,0.43%
348,INTESA SANPAOLO,"1,586 ",0.07%,0.30%
349,CROWN CASTLE INC,"1,584 ",0.07%,0.21%
350,MONSTER BEVERAGE CORP,"1,584 ",0.07%,0.24%
351,CAN IMPERIAL BK OF COMMERCE,"1,574 ",0.07%,0.34%
352,TAKEDA PHARMACEUTICAL CO LTD,"1,574 ",0.07%,0.25%
353,ACTIVISION BLIZZARD INC,"1,571 ",0.07%,0.21%
354,BANK RAKYAT INDONESIA PERSER,"1,563 ",0.06%,0.26%
355,AIR LIQUIDE SA,"1,557 ",0.06%,0.17%
356,AMETEK INC,"1,554 ",0.06%,0.38%
357,BASF SE,"1,551 ",0.06%,0.28%
358,UBER TECHNOLOGIES INC,"1,550 ",0.06%,0.25%
359,ITOCHU CORP,"1,550 ",0.06%,0.25%
360,BIONTECH SE ADR,"1,549 ",0.06%,0.34%
361,PINTEREST INC  CLASS A,"1,541 ",0.06%,0.85%
362,FERGUSON PLC,"1,538 ",0.06%,0.47%
363,GENERAL MILLS INC,"1,522 ",0.06%,0.24%
364,SMC CORP,"1,522 ",0.06%,0.42%
365,GENERAL DYNAMICS CORP,"1,521 ",0.06%,0.18%
366,FORTIVE CORP,"1,520 ",0.06%,0.53%
367,BANCO BILBAO VIZCAYA ARGENTA,"1,517 ",0.06%,0.33%
368,RESMED INC,"1,515 ",0.06%,0.39%
369,KONINKLIJKE AHOLD DELHAIZE N,"1,512 ",0.06%,0.42%
370,NOV INC,"1,511 ",0.06%,1.45%
371,CONAGRA BRANDS INC,"1,509 ",0.06%,0.65%
372,AGILENT TECHNOLOGIES INC,"1,508 ",0.06%,0.27%
373,KLA CORP,"1,503 ",0.06%,0.22%
374,BAIDU INC CLASS A,"1,501 ",0.06%,0.38%
375,LULULEMON ATHLETICA INC,"1,494 ",0.06%,0.30%
376,WESTPAC BANKING CORP,"1,492 ",0.06%,0.21%
377,ISHARES CORE DAX UCITS ETF DE,"1,484 ",0.06%,2.12%
378,CONSOLIDATED EDISON INC,"1,481 ",0.06%,0.35%
379,CONTEMPORARY AMPEREX TECHN A,"1,481 ",0.06%,0.08%
380,VERISK ANALYTICS INC,"1,471 ",0.06%,0.42%
381,KINDER MORGAN INC,"1,470 ",0.06%,0.29%
382,CORTEVA INC,"1,461 ",0.06%,0.27%
383,NORFOLK SOUTHERN CORP,"1,449 ",0.06%,0.20%
384,NUCOR CORP,"1,429 ",0.06%,0.33%
385,ANZ GROUP HOLDINGS LTD,"1,412 ",0.06%,0.23%
386,NORTHERN TRUST CORP,"1,412 ",0.06%,0.60%
387,NIPPON TELEGRAPH + TELEPHONE,"1,409 ",0.06%,0.11%
388,NETAPP INC,"1,408 ",0.06%,0.86%
389,FUJITSU LIMITED,"1,406 ",0.06%,0.40%
390,MITSUBISHI CORP,"1,405 ",0.06%,0.23%
391,SBA COMMUNICATIONS CORP,"1,402 ",0.06%,0.37%
392,INGERSOLL RAND INC,"1,400 ",0.06%,0.52%
393,FEDEX CORP,"1,399 ",0.06%,0.25%
394,HUNT (JB) TRANSPRT SVCS INC,"1,396 ",0.06%,0.61%
395,ZIMMER BIOMET HOLDINGS INC,"1,395 ",0.06%,0.41%
396,PRUDENTIAL FINANCIAL INC,"1,393 ",0.06%,0.30%
397,ISHARES MSCI SPAIN ETF,"1,389 ",0.06%,21.74%
398,STELLANTIS NV,"1,381 ",0.06%,0.25%
399,VALE SA SP ADR,"1,380 ",0.06%,0.13%
400,NINTENDO CO LTD,"1,377 ",0.06%,0.20%
401,NUTRIEN LTD,"1,374 ",0.06%,0.29%
402,HOLCIM LTD,"1,370 ",0.06%,0.34%
403,HONDA MOTOR CO LTD,"1,367 ",0.06%,0.26%
404,CRH PLC,"1,366 ",0.06%,0.37%
405,TRADEWEB MARKETS INC CLASS A,"1,364 ",0.06%,1.49%
406,ANSYS INC,"1,360 ",0.06%,0.51%
407,MARVELL TECHNOLOGY INC,"1,353 ",0.06%,0.34%
408,COPART INC,"1,350 ",0.06%,0.37%
409,REGIONS FINANCIAL CORP,"1,338 ",0.06%,0.52%
410,CAPITAL ONE FINANCIAL CORP,"1,333 ",0.06%,0.30%
411,HEXAGON AB B SHS,"1,331 ",0.06%,0.39%
412,RHEINMETALL AG,"1,328 ",0.06%,1.21%
413,GEN DIGITAL INC,"1,323 ",0.05%,0.75%
414,WASTE CONNECTIONS INC,"1,319 ",0.05%,0.31%
415,LKQ CORP,"1,311 ",0.05%,0.73%
416,CENTENE CORP,"1,311 ",0.05%,0.22%
417,AMERICAN ELECTRIC POWER,"1,307 ",0.05%,0.21%
418,AFLAC INC,"1,294 ",0.05%,0.23%
419,VALE SA,"1,292 ",0.05%,0.13%
420,3I GROUP PLC,"1,291 ",0.05%,0.65%
421,DAIICHI SANKYO CO LTD,"1,289 ",0.05%,0.16%
422,ENEL SPA,"1,288 ",0.05%,0.19%
423,MICROCHIP TECHNOLOGY INC,"1,286 ",0.05%,0.26%
424,MAGNA INTERNATIONAL INC,"1,286 ",0.05%,0.63%
425,E.ON SE,"1,285 ",0.05%,0.39%
426,KROGER CO,"1,282 ",0.05%,0.32%
427,TRANSDIGM GROUP INC,"1,279 ",0.05%,0.29%
428,NEWMONT CORP,"1,275 ",0.05%,0.27%
429,RECRUIT HOLDINGS CO LTD,"1,269 ",0.05%,0.19%
430,INVESTOR AB B SHS,"1,269 ",0.05%,0.30%
431,COCA COLA EUROPACIFIC PARTNE,"1,265 ",0.05%,0.39%
432,IND + COMM BK OF CHINA H,"1,263 ",0.05%,0.22%
433,RYANAIR HOLDINGS PLC SP ADR,"1,260 ",0.05%,0.58%
434,DOMINION ENERGY INC,"1,255 ",0.05%,0.19%
435,SEMPRA ENERGY,"1,254 ",0.05%,0.20%
436,EBAY INC,"1,252 ",0.05%,0.44%
437,SEAWORLD ENTERTAINMENT INC,"1,248 ",0.05%,2.88%
438,RIO TINTO LTD,"1,246 ",0.05%,0.34%
439,ROCKWELL AUTOMATION INC,"1,241 ",0.05%,0.33%
440,VODAFONE GROUP PLC,"1,239 ",0.05%,0.35%
441,RELX PLC,"1,237 ",0.05%,0.19%
442,KIMBERLY CLARK CORP,"1,236 ",0.05%,0.21%
443,MOTOROLA SOLUTIONS INC,"1,235 ",0.05%,0.23%
444,TESCO PLC,"1,232 ",0.05%,0.49%
445,INCYTE CORP,"1,231 ",0.05%,0.54%
446,CAPGEMINI SE,"1,230 ",0.05%,0.34%
447,CANADIAN PACIFIC RAILWAY LTD,"1,229 ",0.05%,0.14%
448,MUENCHENER RUECKVER AG REG,"1,229 ",0.05%,0.21%
449,CLOUDFLARE INC   CLASS A,"1,225 ",0.05%,0.75%
450,JARDINE MATHESON HLDGS LTD,"1,223 ",0.05%,0.65%
451,SVB FINANCIAL GROUP,"1,218 ",0.05%,0.71%
452,TYSON FOODS INC CL A,"1,217 ",0.05%,0.54%
453,TOKIO MARINE HOLDINGS INC,"1,216 ",0.05%,0.22%
454,MARATHON OIL CORP,"1,213 ",0.05%,0.56%
455,ALIGN TECHNOLOGY INC,"1,211 ",0.05%,0.58%
456,HDFC BANK LTD ADR,"1,207 ",0.05%,0.07%
457,NASDAQ INC,"1,186 ",0.05%,0.31%
458,MURATA MANUFACTURING CO LTD,"1,185 ",0.05%,0.28%
459,DASSAULT SYSTEMES,"1,183 ",0.05%,0.20%
460,INFINEON TECHNOLOGIES AG,"1,177 ",0.05%,0.23%
461,PUBLIC STORAGE,"1,177 ",0.05%,0.19%
462,HOLOGIC INC,"1,175 ",0.05%,0.50%
463,FOMENTO ECONOMICO MEX SP ADR,"1,175 ",0.05%,0.55%
464,TC ENERGY CORP,"1,175 ",0.05%,0.23%
465,KYOCERA CORP,"1,174 ",0.05%,0.49%
466,INFOSYS LTD,"1,166 ",0.05%,0.12%
467,MARRIOTT INTERNATIONAL  CL A,"1,166 ",0.05%,0.20%
468,SECOM CO LTD,"1,166 ",0.05%,0.69%
469,HOYA CORP,"1,160 ",0.05%,0.27%
470,BIOGEN INC,"1,155 ",0.05%,0.23%
471,SOFTBANK GROUP CORP,"1,150 ",0.05%,0.12%
472,TATA CONSULTANCY SVCS LTD,"1,145 ",0.05%,0.06%
473,CGI INC,"1,141 ",0.05%,0.49%
474,ICICI BANK LTD,"1,137 ",0.05%,0.12%
475,KEYSIGHT TECHNOLOGIES IN,"1,132 ",0.05%,0.29%
476,DISCOVER FINANCIAL SERVICES,"1,131 ",0.05%,0.33%
477,BLOCK INC,"1,130 ",0.05%,0.26%
478,DARDEN RESTAURANTS INC,"1,129 ",0.05%,0.53%
479,BEIGENE LTD ADR,"1,128 ",0.05%,0.39%
480,AXALTA COATING SYSTEMS LTD,"1,127 ",0.05%,1.58%
481,ADIDAS AG,"1,123 ",0.05%,0.36%
482,FERRARI NV,"1,121 ",0.05%,0.23%
483,DOLLAR TREE INC,"1,120 ",0.05%,0.28%
484,HALEON PLC,"1,115 ",0.05%,0.24%
485,LEGAL + GENERAL GROUP PLC,"1,109 ",0.05%,0.49%
486,RALPH LAUREN CORP,"1,103 ",0.05%,2.01%
487,VERISIGN INC,"1,098 ",0.05%,0.40%
488,ROSS STORES INC,"1,096 ",0.05%,0.22%
489,KKR + CO INC,"1,096 ",0.05%,0.22%
490,TENET HEALTHCARE CORP,"1,094 ",0.05%,1.64%
491,TYLER TECHNOLOGIES INC,"1,094 ",0.05%,0.64%
492,HILTON WORLDWIDE HOLDINGS IN,"1,093 ",0.05%,0.25%
493,SIMON PROPERTY GROUP INC,"1,093 ",0.05%,0.22%
494,COUPANG INC,"1,084 ",0.04%,0.36%
495,CONSTELLATION BRANDS INC A,"1,083 ",0.04%,0.20%
496,CHIPOTLE MEXICAN GRILL INC,"1,082 ",0.04%,0.22%
497,SHOPIFY INC   CLASS A,"1,081 ",0.04%,0.25%
498,MERCK KGAA,"1,080 ",0.04%,0.34%
499,ALCON INC,"1,074 ",0.04%,0.25%
500,PAYCOM SOFTWARE INC,"1,063 ",0.04%,0.45%
501,HON HAI PRECISION INDUSTRY,"1,061 ",0.04%,0.19%
502,B3 SA BRASIL BOLSA BALCAO,"1,055 ",0.04%,0.55%
503,ROBERT HALF INTL INC,"1,055 ",0.04%,1.04%
504,LPL FINANCIAL HOLDINGS INC,"1,053 ",0.04%,0.48%
505,LEGRAND SA,"1,048 ",0.04%,0.39%
506,GENMAB A/S,"1,046 ",0.04%,0.30%
507,WW GRAINGER INC,"1,046 ",0.04%,0.29%
508,MACQUARIE GROUP LTD,"1,046 ",0.04%,0.19%
509,CANON INC,"1,035 ",0.04%,0.28%
510,VOLKSWAGEN AG PREF,"1,034 ",0.04%,0.32%
511,KRAFT HEINZ CO/THE,"1,032 ",0.04%,0.16%
512,NIDEC CORP,"1,032 ",0.04%,0.26%
513,AKER BP ASA,"1,031 ",0.04%,0.42%
514,CBOE GLOBAL MARKETS INC,"1,030 ",0.04%,0.61%
515,SCB X PCL FOREIGN,"1,016 ",0.04%,0.77%
516,ICON PLC,"1,015 ",0.04%,0.50%
517,JACOBS SOLUTIONS INC,"1,010 ",0.04%,0.52%
518,BARCLAYS PLC,"1,009 ",0.04%,0.26%
519,PTC INC,"1,009 ",0.04%,0.56%
520,YUM  BRANDS INC,"1,008 ",0.04%,0.22%
521,PUBLICIS GROUPE,"1,005 ",0.04%,0.49%
522,SUN HUNG KAI PROPERTIES,"1,001 ",0.04%,0.20%
523,VEEVA SYSTEMS INC CLASS A,993 ,0.04%,0.34%
524,XCEL ENERGY INC,992 ,0.04%,0.20%
525,NETEASE INC,991 ,0.04%,0.16%
526,NESTE OYJ,988 ,0.04%,0.22%
527,CARRIER GLOBAL CORP,988 ,0.04%,0.23%
528,MIZUHO FINANCIAL GROUP INC,985 ,0.04%,0.22%
529,ZOOM VIDEO COMMUNICATIONS A,984 ,0.04%,0.47%
530,RENTOKIL INITIAL PLC,984 ,0.04%,0.50%
531,WARNER BROS DISCOVERY INC,980 ,0.04%,0.34%
532,SOFTBANK CORP,977 ,0.04%,0.14%
533,SGS SA REG,976 ,0.04%,0.44%
534,SNOWFLAKE INC CLASS A,975 ,0.04%,0.17%
535,KONE OYJ B,975 ,0.04%,0.33%
536,PALO ALTO NETWORKS INC,973 ,0.04%,0.18%
537,WESFARMERS LTD,971 ,0.04%,0.22%
538,FLOWSERVE CORP,971 ,0.04%,1.91%
539,STERIS PLC,967 ,0.04%,0.41%
540,SEA LTD ADR,963 ,0.04%,0.28%
541,REALTY INCOME CORP,962 ,0.04%,0.19%
542,ONEOK INC,960 ,0.04%,0.26%
543,DSV A/S,955 ,0.04%,0.22%
544,AMADEUS IT GROUP SA,949 ,0.04%,0.32%
545,DAIKIN INDUSTRIES LTD,942 ,0.04%,0.17%
546,LABORATORY CRP OF AMER HLDGS,942 ,0.04%,0.36%
547,BAKER HUGHES CO,941 ,0.04%,0.25%
548,VULCAN MATERIALS CO,941 ,0.04%,0.32%
549,US FOODS HOLDING CORP,938 ,0.04%,0.97%
550,REPSOL SA,931 ,0.04%,0.34%
551,AL RAJHI BANK,925 ,0.04%,0.09%
552,CHR HANSEN HOLDING A/S,924 ,0.04%,0.77%
553,AXIS BANK LTD,918 ,0.04%,0.21%
554,BROOKFIELD CORP,905 ,0.04%,0.14%
555,PUBLIC SERVICE ENTERPRISE GP,901 ,0.04%,0.23%
556,MEDIATEK INC,900 ,0.04%,0.22%
557,ALBEMARLE CORP,898 ,0.04%,0.28%
558,COGNEX CORP,897 ,0.04%,0.87%
559,FIRST QUANTUM MINERALS LTD,897 ,0.04%,0.49%
560,DEUTSCHE BOERSE AG,895 ,0.04%,0.22%
561,LITHIA MOTORS INC,895 ,0.04%,1.26%
562,FORTESCUE METALS GROUP LTD,894 ,0.04%,0.16%
563,BIO TECHNE CORP,892 ,0.04%,0.54%
564,SUN COMMUNITIES INC,892 ,0.04%,0.40%
565,BOOZ ALLEN HAMILTON HOLDINGS,890 ,0.04%,0.51%
566,LONDON STOCK EXCHANGE GROUP,886 ,0.04%,0.16%
567,WUXI APPTEC CO LTD H,877 ,0.04%,1.66%
568,ON SEMICONDUCTOR,876 ,0.04%,0.26%
569,KBC GROUP NV,875 ,0.04%,0.26%
570,EQUIFAX INC,874 ,0.04%,0.29%
571,ICICI BANK LTD SPON ADR,872 ,0.04%,0.09%
572,SHOPIFY INC   CLASS A,872 ,0.04%,0.20%
573,NIO INC   ADR,869 ,0.04%,0.46%
574,ECOLAB INC,866 ,0.04%,0.16%
575,MITSUBISHI ESTATE CO LTD,861 ,0.04%,0.40%
576,KUEHNE   NAGEL INTL AG REG,856 ,0.04%,0.24%
577,FERGUSON PLC,856 ,0.04%,0.26%
578,BAIDU INC   SPON ADR,851 ,0.04%,0.21%
579,MARUBENI CORP,849 ,0.04%,0.34%
580,IMPERIAL OIL LTD,849 ,0.04%,0.24%
581,TECHTRONIC INDUSTRIES CO LTD,849 ,0.04%,0.33%
582,HARTFORD FINANCIAL SVCS GRP,848 ,0.04%,0.28%
583,P G + E CORP,848 ,0.04%,0.21%
584,COMPAGNIE DE SAINT GOBAIN,848 ,0.04%,0.27%
585,ST JAMES S PLACE PLC,839 ,0.03%,0.92%
586,CARDINAL HEALTH INC,835 ,0.03%,0.33%
587,SOCIETE GENERALE SA,830 ,0.03%,0.31%
588,DATADOG INC   CLASS A,830 ,0.03%,0.31%
589,PACCAR INC,825 ,0.03%,0.19%
590,AVANTOR INC,824 ,0.03%,0.46%
591,VONOVIA SE,824 ,0.03%,0.35%
592,NOKIA OYJ,823 ,0.03%,0.25%
593,ORANGE,821 ,0.03%,0.25%
594,KUBOTA CORP,820 ,0.03%,0.39%
595,SANTOS LTD,811 ,0.03%,0.40%
596,ROBLOX CORP  CLASS A,811 ,0.03%,0.41%
597,WUXI BIOLOGICS CAYMAN INC,809 ,0.03%,0.20%
598,SIKA AG REG,804 ,0.03%,0.17%
599,AIRBNB INC CLASS A,803 ,0.03%,0.19%
600,ENPHASE ENERGY INC,800 ,0.03%,0.18%
601,BARRICK GOLD CORP,796 ,0.03%,0.21%
602,OTIS WORLDWIDE CORP,794 ,0.03%,0.19%
603,GOODMAN GROUP,793 ,0.03%,0.28%
604,WELLTOWER INC,792 ,0.03%,0.20%
605,FMC CORP,791 ,0.03%,0.40%
606,IMPERIAL BRANDS PLC,790 ,0.03%,0.27%
607,WEYERHAEUSER CO,788 ,0.03%,0.27%
608,VOLVO AB B SHS,786 ,0.03%,0.22%
609,DEUTSCHE BANK AG REGISTERED,785 ,0.03%,0.27%
610,ASTELLAS PHARMA INC,778 ,0.03%,0.22%
611,SPOTIFY TECHNOLOGY SA,778 ,0.03%,0.40%
612,WESTERN UNION CO,774 ,0.03%,1.15%
613,ARISTA NETWORKS INC,773 ,0.03%,0.16%
614,BOC HONG KONG HOLDINGS LTD,772 ,0.03%,0.17%
615,LEAR CORP,772 ,0.03%,0.83%
616,LARSEN + TOUBRO LTD,768 ,0.03%,0.17%
617,GLOBAL PAYMENTS INC,768 ,0.03%,0.23%
618,KONINKLIJKE DSM NV,765 ,0.03%,0.28%
619,CELLNEX TELECOM SA,763 ,0.03%,0.26%
620,GOLD FIELDS LTD,763 ,0.03%,0.65%
621,INSULET CORP,763 ,0.03%,0.29%
622,M + T BANK CORP,761 ,0.03%,0.24%
623,ARAMARK,759 ,0.03%,0.56%
624,GALAXY ENTERTAINMENT GROUP L,757 ,0.03%,0.21%
625,SUMITOMO CORP,757 ,0.03%,0.29%
626,CONSTELLATION SOFTWARE INC,755 ,0.03%,0.18%
627,KERRY GROUP PLC A,753 ,0.03%,0.37%
628,REGAL REXNORD CORP,752 ,0.03%,0.76%
629,UNICREDIT SPA,748 ,0.03%,0.22%
630,NASPERS LTD N SHS,747 ,0.03%,0.08%
631,INTERTEK GROUP PLC,744 ,0.03%,0.75%
632,DIGITAL REALTY TRUST INC,740 ,0.03%,0.20%
633,CK HUTCHISON HOLDINGS LTD,739 ,0.03%,0.25%
634,ENGIE,736 ,0.03%,0.17%
635,EPIROC AB A,733 ,0.03%,0.39%
636,CREDIT SUISSE GROUP AG REG,732 ,0.03%,0.62%
637,HDFC BANK LIMITED,731 ,0.03%,0.05%
638,CENOVUS ENERGY INC,725 ,0.03%,0.15%
639,SOMPO HOLDINGS INC,725 ,0.03%,0.37%
640,STMICROELECTRONICS NV,724 ,0.03%,0.18%
641,DIAMONDBACK ENERGY INC,724 ,0.03%,0.23%
642,VICI PROPERTIES INC,721 ,0.03%,0.18%
643,ETSY INC,719 ,0.03%,0.38%
644,ORIENTAL LAND CO LTD,718 ,0.03%,0.11%
645,VMWARE INC CLASS A  W/I,715 ,0.03%,0.11%
646,UNITED RENTALS INC,714 ,0.03%,0.23%
647,UNIVERSAL MUSIC GROUP NV,709 ,0.03%,0.13%
648,LYONDELLBASELL INDU CL A,708 ,0.03%,0.21%
649,EVOLUTION AB,705 ,0.03%,0.27%
650,FRANKLIN RESOURCES INC,701 ,0.03%,0.42%
651,EQUITY RESIDENTIAL,695 ,0.03%,0.25%
652,REPUBLIC SERVICES INC,694 ,0.03%,0.13%
653,MITSUBISHI ELECTRIC CORP,693 ,0.03%,0.26%
654,AMERISOURCEBERGEN CORP,691 ,0.03%,0.16%
655,HUNTINGTON BANCSHARES INC,691 ,0.03%,0.27%
656,CITIZENS FINANCIAL GROUP,691 ,0.03%,0.28%
657,GIVAUDAN REG,686 ,0.03%,0.19%
658,MOLSON COORS BEVERAGE CO   B,684 ,0.03%,0.52%
659,CHUGAI PHARMACEUTICAL CO LTD,682 ,0.03%,0.13%
660,CREDICORP LTD,679 ,0.03%,0.50%
661,OVERSEA CHINESE BANKING CORP,677 ,0.03%,0.13%
662,HINDUSTAN UNILEVER LTD,676 ,0.03%,0.07%
663,EDISON INTERNATIONAL,675 ,0.03%,0.22%
664,BUNGE LTD,674 ,0.03%,0.36%
665,CAE INC,671 ,0.03%,0.86%
666,MS+AD INSURANCE GROUP HOLDIN,668 ,0.03%,0.31%
667,FAST RETAILING CO LTD,665 ,0.03%,0.08%
668,CONSTELLATION ENERGY,661 ,0.03%,0.19%
669,COTERRA ENERGY INC,658 ,0.03%,0.27%
670,C.H. ROBINSON WORLDWIDE INC,658 ,0.03%,0.48%
671,ADVANCE AUTO PARTS INC,658 ,0.03%,0.60%
672,AVALONBAY COMMUNITIES INC,656 ,0.03%,0.23%
673,PETROBRAS   PETROLEO BRAS PR,654 ,0.03%,0.20%
674,JAPAN POST HOLDINGS CO LTD,652 ,0.03%,0.17%
675,TRAVIS PERKINS PLC,652 ,0.03%,2.26%
676,VERTIV HOLDINGS CO,650 ,0.03%,1.00%
677,BAXTER INTERNATIONAL INC,644 ,0.03%,0.20%
678,KEYCORP,643 ,0.03%,0.31%
679,AKZO NOBEL N.V.,637 ,0.03%,0.43%
680,COLOPLAST B,637 ,0.03%,0.22%
681,EPAM SYSTEMS INC,634 ,0.03%,0.27%
682,WEC ENERGY GROUP INC,633 ,0.03%,0.17%
683,THE SAUDI NATIONAL BANK,632 ,0.03%,0.08%
684,WHITBREAD PLC,632 ,0.03%,0.80%
685,KOTAK MAHINDRA BANK LTD,630 ,0.03%,0.11%
686,KEURIG DR PEPPER INC,629 ,0.03%,0.10%
687,LINDE PLC,627 ,0.03%,0.03%
688,LINK REIT,627 ,0.03%,0.32%
689,SAUDI ARABIAN OIL CO,626 ,0.03%,0.00%
690,KWEICHOW MOUTAI CO LTD A,625 ,0.03%,0.02%
691,MOLINA HEALTHCARE INC,625 ,0.03%,0.26%
692,GENUINE PARTS CO,620 ,0.03%,0.20%
693,IDEX CORP,620 ,0.03%,0.28%
694,UNILEVER PLC,619 ,0.03%,0.04%
695,WALMART DE MEXICO SAB DE CV,618 ,0.03%,0.08%
696,FUJIFILM HOLDINGS CORP,618 ,0.03%,0.19%
697,STEEL DYNAMICS INC,612 ,0.03%,0.28%
698,ERICSSON LM B SHS,612 ,0.03%,0.27%
699,CARLSBERG AS B,610 ,0.03%,0.34%
700,GAMING AND LEISURE PROPERTIE,608 ,0.03%,0.36%
701,NATIONAL BANK OF CANADA,605 ,0.03%,0.21%
702,TOPGOLF CALLAWAY BRANDS CORP,603 ,0.03%,1.30%
703,JAPAN TOBACCO INC,600 ,0.02%,0.12%
704,HORIZON THERAPEUTICS PLC,598 ,0.02%,0.18%
705,DAIWA HOUSE INDUSTRY CO LTD,597 ,0.02%,0.31%
706,SYNCHRONY FINANCIAL,595 ,0.02%,0.32%
707,CORNING INC,594 ,0.02%,0.17%
708,NIPPON STEEL CORP,594 ,0.02%,0.28%
709,CBRE GROUP INC   A,593 ,0.02%,0.19%
710,LOBLAW COMPANIES LTD,592 ,0.02%,0.16%
711,CHINA MERCHANTS BANK H,591 ,0.02%,0.18%
712,HOWMET AEROSPACE INC,590 ,0.02%,0.29%
713,BANK OF CHINA LTD H,589 ,0.02%,0.15%
714,DAVIDE CAMPARI MILANO NV,588 ,0.02%,0.39%
715,ARCELORMITTAL,588 ,0.02%,0.20%
716,ZEBRA TECHNOLOGIES CORP CL A,585 ,0.02%,0.35%
717,AES CORP,581 ,0.02%,0.24%
718,FORTIS INC,580 ,0.02%,0.24%
719,OMV AG,579 ,0.02%,0.27%
720,FAIR ISAAC CORP,579 ,0.02%,0.31%
721,OTP BANK PLC,578 ,0.02%,0.61%
722,ULTA BEAUTY INC,576 ,0.02%,0.19%
723,FIRSTENERGY CORP,575 ,0.02%,0.19%
724,TRANSURBAN GROUP,572 ,0.02%,0.17%
725,PERKINELMER INC,572 ,0.02%,0.25%
726,HOWARD HUGHES CORP/THE,572 ,0.02%,1.18%
727,KOMATSU LTD,571 ,0.02%,0.21%
728,JM SMUCKER CO/THE,571 ,0.02%,0.27%
729,GRUPO MEXICO SAB DE CV SER B,571 ,0.02%,0.16%
730,ALNYLAM PHARMACEUTICALS INC,570 ,0.02%,0.15%
731,OWENS CORNING,568 ,0.02%,0.56%
732,SWISS RE AG,566 ,0.02%,0.15%
733,SSE PLC,564 ,0.02%,0.20%
734,ARCH CAPITAL GROUP LTD,564 ,0.02%,0.19%
735,LUKOIL PJSC,564 ,0.02%,0.12%
736,MITSUI FUDOSAN CO LTD,564 ,0.02%,0.25%
737,DELL TECHNOLOGIES  C,564 ,0.02%,0.46%
738,PRINCIPAL FINANCIAL GROUP,563 ,0.02%,0.22%
739,APA CORP,563 ,0.02%,0.30%
740,CROWDSTRIKE HOLDINGS INC   A,561 ,0.02%,0.19%
741,MICHELIN (CGDE),560 ,0.02%,0.22%
742,FIFTH THIRD BANCORP,558 ,0.02%,0.20%
743,SUN LIFE FINANCIAL INC,552 ,0.02%,0.16%
744,NOVOZYMES A/S B SHARES,550 ,0.02%,0.38%
745,AERCAP HOLDINGS NV,550 ,0.02%,0.30%
746,LIVANOVA PLC,550 ,0.02%,1.46%
747,POWER CORP OF CANADA,546 ,0.02%,0.30%
748,TARGA RESOURCES CORP,546 ,0.02%,0.26%
749,SHELL PLC,545 ,0.02%,0.02%
750,EVERSOURCE ENERGY,545 ,0.02%,0.15%
751,APOLLO GLOBAL MANAGEMENT INC,542 ,0.02%,0.12%
752,ALCON INC,540 ,0.02%,0.13%
753,RWE AG,539 ,0.02%,0.14%
754,FRANCO NEVADA CORP,539 ,0.02%,0.16%
755,NATIONAL BANK OF KUWAIT,536 ,0.02%,0.16%
756,ASHTEAD GROUP PLC,536 ,0.02%,0.17%
757,PEMBINA PIPELINE CORP,533 ,0.02%,0.22%
758,ABCAM PLC SPON ADR,533 ,0.02%,1.18%
759,AP MOLLER MAERSK A/S B,531 ,0.02%,0.22%
760,WOOLWORTHS GROUP LTD,531 ,0.02%,0.15%
761,ZIJIN MINING GROUP CO LTD H,530 ,0.02%,0.54%
762,CAIXABANK SA,530 ,0.02%,0.13%
763,UNITED MICROELECTRONICS CORP,528 ,0.02%,0.25%
764,DAI ICHI LIFE HOLDINGS INC,528 ,0.02%,0.18%
765,ASSICURAZIONI GENERALI,528 ,0.02%,0.15%
766,SKYWORKS SOLUTIONS INC,527 ,0.02%,0.28%
767,VESTAS WIND SYSTEMS A/S,526 ,0.02%,0.14%
768,KAO CORP,526 ,0.02%,0.22%
769,INFOSYS LTD SP ADR,524 ,0.02%,0.05%
770,WORLD WRESTLING ENTERTAIN A,524 ,0.02%,1.39%
771,ORSTED A/S,524 ,0.02%,0.11%
772,ULTRATECH CEMENT LTD,523 ,0.02%,0.17%
773,FIRSTRAND LTD,522 ,0.02%,0.20%
774,AMERICAN WATER WORKS CO INC,522 ,0.02%,0.15%
775,STANLEY BLACK + DECKER INC,520 ,0.02%,0.37%
776,PETROLEO BRASILEIRO SPON ADR,519 ,0.02%,0.10%
777,GEBERIT AG REG,519 ,0.02%,0.24%
778,SWISSCOM AG REG,518 ,0.02%,0.14%
779,SAUDI BASIC INDUSTRIES CORP,518 ,0.02%,0.06%
780,KELLOGG CO,515 ,0.02%,0.17%
781,CF INDUSTRIES HOLDINGS INC,514 ,0.02%,0.24%
782,STELLANTIS NV,512 ,0.02%,0.09%
783,KWEICHOW MOUTAI CO LTD A,512 ,0.02%,0.01%
784,STANDARD CHARTERED PLC,508 ,0.02%,0.18%
785,TELEFONICA SA,506 ,0.02%,0.19%
786,SVENSKA HANDELSBANKEN A SHS,506 ,0.02%,0.20%
787,DELTA ELECTRONICS INC,506 ,0.02%,0.16%
788,DTE ENERGY COMPANY,506 ,0.02%,0.18%
789,NIPPON YUSEN KK,506 ,0.02%,0.33%
790,QATAR NATIONAL BANK,506 ,0.02%,0.09%
791,MONOLITHIC POWER SYSTEMS INC,504 ,0.02%,0.24%
792,EVEREST RE GROUP LTD,504 ,0.02%,0.31%
793,AVIVA PLC,503 ,0.02%,0.27%
794,ANGLOGOLD ASHANTI SPON ADR,503 ,0.02%,0.49%
795,SAMPO OYJ A SHS,499 ,0.02%,0.15%
796,KIRIN HOLDINGS CO LTD,499 ,0.02%,0.28%
797,INTL FLAVORS + FRAGRANCES,498 ,0.02%,0.15%
798,CENTERPOINT ENERGY INC,498 ,0.02%,0.21%
799,WR BERKLEY CORP,498 ,0.02%,0.20%
800,MARKEL CORP,497 ,0.02%,0.22%
801,ORIX CORP,496 ,0.02%,0.19%
802,RAYMOND JAMES FINANCIAL INC,495 ,0.02%,0.17%
803,SAP SE SPONSORED ADR,495 ,0.02%,0.03%
804,PANASONIC HOLDINGS CORP,491 ,0.02%,0.19%
805,ANHUI CONCH CEMENT CO LTD H,489 ,0.02%,0.85%
806,AMERICA MOVIL SAB DE C SER L,489 ,0.02%,0.10%
807,DOVER CORP,488 ,0.02%,0.20%
808,ACS ACTIVIDADES CONS Y SERV,488 ,0.02%,0.47%
809,PARTNERS GROUP HOLDING AG,488 ,0.02%,0.16%
810,LI NING CO LTD,487 ,0.02%,0.17%
811,TEXTRON INC,486 ,0.02%,0.26%
812,INTACT FINANCIAL CORP,486 ,0.02%,0.15%
813,CONTINENTAL AG,485 ,0.02%,0.32%
814,ENTERGY CORP,484 ,0.02%,0.17%
815,BANK LEUMI LE ISRAEL,484 ,0.02%,0.30%
816,THOMSON REUTERS CORP,484 ,0.02%,0.07%
817,CLP HOLDINGS LTD,482 ,0.02%,0.21%
818,TOURMALINE OIL CORP,482 ,0.02%,0.22%
819,MCCORMICK + CO NON VTG SHRS,481 ,0.02%,0.18%
820,COUNTRY GARDEN SERVICES HOLD,479 ,0.02%,0.45%
821,BROWN + BROWN INC,479 ,0.02%,0.23%
822,ITAU UNIBANCO H SPON PRF ADR,479 ,0.02%,0.17%
823,MOSAIC CO/THE,478 ,0.02%,0.25%
824,AMEREN CORPORATION,477 ,0.02%,0.16%
825,SHISEIDO CO LTD,476 ,0.02%,0.19%
826,UNIVERSAL HEALTH SERVICES B,474 ,0.02%,0.41%
827,CHURCH + DWIGHT CO INC,473 ,0.02%,0.19%
828,CORPORATE OFFICE PROPERTIES,472 ,0.02%,1.28%
829,VIATRIS INC,472 ,0.02%,0.28%
830,TEXAS PACIFIC LAND CORP,472 ,0.02%,0.21%
831,CHINA TOURISM GROUP DUTY F H,471 ,0.02%,1.08%
832,AMDOCS LTD,470 ,0.02%,0.34%
833,MID AMERICA APARTMENT COMM,469 ,0.02%,0.20%
834,ITAU UNIBANCO HOLDING S PREF,469 ,0.02%,0.16%
835,OVINTIV INC,468 ,0.02%,0.29%
836,GAZPROM PJSC,465 ,0.02%,0.07%
837,BROWN FORMAN CORP CLASS B,465 ,0.02%,0.18%
838,DENSO CORP,464 ,0.02%,0.09%
839,DNB BANK ASA,462 ,0.02%,0.12%
840,SBERBANK OF RUSSIA PJSC,461 ,0.02%,0.09%
841,ALEXANDRIA REAL ESTATE EQUIT,460 ,0.02%,0.15%
842,UGI CORP,459 ,0.02%,0.47%
843,PPL CORP,458 ,0.02%,0.17%
844,BRIDGESTONE CORP,458 ,0.02%,0.14%
845,PACKAGING CORP OF AMERICA,452 ,0.02%,0.30%
846,CENTRAIS ELETRICAS BRASILIER,452 ,0.02%,0.22%
847,SWEDBANK AB   A SHARES,451 ,0.02%,0.18%
848,CINCINNATI FINANCIAL CORP,449 ,0.02%,0.22%
849,CLOROX COMPANY,447 ,0.02%,0.20%
850,IMPALA PLATINUM HOLDINGS LTD,447 ,0.02%,0.33%
851,VEOLIA ENVIRONNEMENT,445 ,0.02%,0.19%
852,SOUTH32 LTD,444 ,0.02%,0.28%
853,ASSA ABLOY AB B,444 ,0.02%,0.15%
854,BAJAJ FINANCE LTD,442 ,0.02%,0.07%
855,CMS ENERGY CORP,442 ,0.02%,0.19%
856,INTERCONTINENTAL HOTELS GROU,441 ,0.02%,0.35%
857,EXTRA SPACE STORAGE INC,440 ,0.02%,0.18%
858,UPM KYMMENE OYJ,440 ,0.02%,0.17%
859,TELEDYNE TECHNOLOGIES INC,439 ,0.02%,0.18%
860,SBI LIFE INSURANCE CO LTD,438 ,0.02%,0.23%
861,QUANTA SERVICES INC,436 ,0.02%,0.17%
862,TRIP.COM GROUP LTD ADR,434 ,0.02%,0.16%
863,BIOMARIN PHARMACEUTICAL INC,432 ,0.02%,0.18%
864,XYLEM INC,431 ,0.02%,0.17%
865,VENTAS INC,431 ,0.02%,0.19%
866,BROADRIDGE FINANCIAL SOLUTIO,431 ,0.02%,0.22%
867,SANDVIK AB,430 ,0.02%,0.15%
868,SKANDINAVISKA ENSKILDA BAN A,429 ,0.02%,0.14%
869,STANDARD BANK GROUP LTD,429 ,0.02%,0.20%
870,AMCOR PLC,428 ,0.02%,0.19%
871,SEKISUI HOUSE LTD,426 ,0.02%,0.28%
872,INVITATION HOMES INC,422 ,0.02%,0.18%
873,GREAT WEST LIFECO INC,421 ,0.02%,0.15%
874,NEWCREST MINING LTD,421 ,0.02%,0.27%
875,CARREFOUR SA,420 ,0.02%,0.27%
876,BHARTI AIRTEL LTD,420 ,0.02%,0.06%
877,TAKE TWO INTERACTIVE SOFTWRE,419 ,0.02%,0.19%
878,EMIRATES TELECOM GROUP CO,418 ,0.02%,0.06%
879,MARUTI SUZUKI INDIA LTD,415 ,0.02%,0.11%
880,WABTEC CORP,415 ,0.02%,0.18%
881,EXPEDIA GROUP INC,415 ,0.02%,0.25%
882,KONINKLIJKE PHILIPS NV,415 ,0.02%,0.25%
883,SEAGEN INC,414 ,0.02%,0.14%
884,HEICO CORP,414 ,0.02%,0.39%
885,TERADYNE INC,414 ,0.02%,0.24%
886,SONOVA HOLDING AG REG,413 ,0.02%,0.22%
887,SWISS LIFE HOLDING AG REG,411 ,0.02%,0.20%
888,LIBERTY GLOBAL PLC A,410 ,0.02%,1.00%
889,TELKOM INDONESIA PERSERO TBK,410 ,0.02%,0.14%
890,POWER GRID CORP OF INDIA LTD,408 ,0.02%,0.18%
891,MARTIN MARIETTA MATERIALS,408 ,0.02%,0.15%
892,FIRST ABU DHABI BANK PJSC,407 ,0.02%,0.06%
893,SINGAPORE TELECOMMUNICATIONS,407 ,0.02%,0.10%
894,CHINA RESOURCES LAND LTD,404 ,0.02%,0.10%
895,XIAOMI CORP CLASS B,404 ,0.02%,0.11%
896,NVR INC,404 ,0.02%,0.22%
897,SPLUNK INC,403 ,0.02%,0.23%
898,ROYALTY PHARMA PLC  CL A,402 ,0.02%,0.18%
899,BYD CO LTD H,402 ,0.02%,0.12%
900,GROUPE BRUXELLES LAMBERT NV,401 ,0.02%,0.26%
901,SHAW COMMUNICATIONS INC B,399 ,0.02%,0.23%
902,HEICO CORP CLASS A,398 ,0.02%,0.32%
903,MISUMI GROUP INC,397 ,0.02%,0.50%
904,ARGENX SE,395 ,0.02%,0.15%
905,TDK CORP,394 ,0.02%,0.24%
906,COOPER COS INC/THE,393 ,0.02%,0.19%
907,SPIRAX SARCO ENGINEERING PLC,391 ,0.02%,0.33%
908,SIEMENS HEALTHINEERS AG,391 ,0.02%,0.05%
909,BANK MANDIRI PERSERO TBK PT,391 ,0.02%,0.10%
910,CENTRAL JAPAN RAILWAY CO,389 ,0.02%,0.12%
911,CHAROEN POKPHAND FOOD FORGN,389 ,0.02%,0.51%
912,SUZUKI MOTOR CORP,389 ,0.02%,0.19%
913,PETROBRAS   PETROLEO BRAS,388 ,0.02%,0.08%
914,BALL CORP,387 ,0.02%,0.19%
915,SYMRISE AG,387 ,0.02%,0.20%
916,KUWAIT FINANCE HOUSE,385 ,0.02%,0.09%
917,HORMEL FOODS CORP,384 ,0.02%,0.12%
918,EAST JAPAN RAILWAY CO,384 ,0.02%,0.14%
919,FIRST HORIZON CORP,384 ,0.02%,0.23%
920,FLUTTER ENTERTAINMENT PLC DI,382 ,0.02%,0.13%
921,JACK HENRY + ASSOCIATES INC,382 ,0.02%,0.24%
922,LAS VEGAS SANDS CORP,381 ,0.02%,0.08%
923,OLYMPUS CORP,380 ,0.02%,0.13%
924,ALUMINUM CORP OF CHINA LTD H,380 ,0.02%,1.79%
925,LEIDOS HOLDINGS INC,380 ,0.02%,0.21%
926,ABN AMRO BANK NV CVA,379 ,0.02%,0.24%
927,ANTA SPORTS PRODUCTS LTD,379 ,0.02%,0.08%
928,FERROVIAL SA,379 ,0.02%,0.16%
929,FTI CONSULTING INC,378 ,0.02%,0.55%
930,FACTSET RESEARCH SYSTEMS INC,376 ,0.02%,0.19%
931,YAMAHA MOTOR CO LTD,376 ,0.02%,0.37%
932,CD PROJEKT SA,375 ,0.02%,0.99%
933,TRIMBLE INC,375 ,0.02%,0.24%
934,RELX PLC,375 ,0.02%,0.06%
935,ROGERS COMMUNICATIONS INC B,373 ,0.02%,0.16%
936,CHECK POINT SOFTWARE TECH,372 ,0.02%,0.19%
937,SOLAREDGE TECHNOLOGIES INC,372 ,0.02%,0.19%
938,PTT EXPLORATION + PROD FOR,372 ,0.02%,0.15%
939,AKAMAI TECHNOLOGIES INC,372 ,0.02%,0.22%
940,ASM INTERNATIONAL NV,369 ,0.02%,0.23%
941,LOCALIZA RENT A CAR,367 ,0.02%,0.29%
942,ATMOS ENERGY CORP,367 ,0.02%,0.18%
943,GARMIN LTD,367 ,0.02%,0.16%
944,AVERY DENNISON CORP,366 ,0.02%,0.20%
945,DANSKE BANK A/S,365 ,0.02%,0.17%
946,BARRICK GOLD CORP,364 ,0.02%,0.10%
947,RESTAURANT BRANDS INTERN,362 ,0.02%,0.14%
948,SHENZHEN MINDRAY BIO MEDIC A,361 ,0.02%,0.05%
949,AEON CO LTD,359 ,0.01%,0.15%
950,ADVANTEST CORP,359 ,0.01%,0.23%
951,EVERGY INC,359 ,0.01%,0.20%
952,FLOOR + DECOR HOLDINGS INC A,358 ,0.01%,0.38%
953,MIDEA GROUP CO LTD A,356 ,0.01%,0.05%
954,FOMENTO ECONOMICO MEXICA UBD,354 ,0.01%,0.17%
955,FLEETCOR TECHNOLOGIES INC,354 ,0.01%,0.21%
956,GEELY AUTOMOBILE HOLDINGS LT,353 ,0.01%,0.19%
957,WH GROUP LTD,353 ,0.01%,0.37%
958,ALIBABA GROUP HOLDING SP ADR,352 ,0.01%,0.01%
959,LENNOX INTERNATIONAL INC,351 ,0.01%,0.33%
960,SANLAM LTD,351 ,0.01%,0.43%
961,DECKERS OUTDOOR CORP,350 ,0.01%,0.26%
962,BORGWARNER INC,349 ,0.01%,0.29%
963,BANDAI NAMCO HOLDINGS INC,349 ,0.01%,0.20%
964,WEG SA,349 ,0.01%,0.09%
965,TOSHIBA CORP,348 ,0.01%,0.18%
966,HANG SENG BANK LTD,347 ,0.01%,0.09%
967,ASE TECHNOLOGY HOLDING CO LT,347 ,0.01%,0.21%
968,GXO LOGISTICS INC,346 ,0.01%,0.54%
969,FIRST SOLAR INC,346 ,0.01%,0.17%
970,LYXOR FTSE MIB DR UCITS ETF,345 ,0.01%,6.53%
971,RPM INTERNATIONAL INC,345 ,0.01%,0.22%
972,CARLISLE COS INC,345 ,0.01%,0.22%
973,HUBBELL INC,345 ,0.01%,0.22%
974,BURLINGTON STORES INC,344 ,0.01%,0.21%
975,FAIRFAX FINANCIAL HLDGS LTD,344 ,0.01%,0.19%
976,THALES SA,344 ,0.01%,0.10%
977,ESSITY AKTIEBOLAG B,343 ,0.01%,0.16%
978,CK ASSET HOLDINGS LTD,342 ,0.01%,0.12%
979,MONGODB INC,342 ,0.01%,0.20%
980,KAJIMA CORP,342 ,0.01%,0.44%
981,ITAUSA SA,341 ,0.01%,0.26%
982,HUBSPOT INC,341 ,0.01%,0.19%
983,ALLIANT ENERGY CORP,339 ,0.01%,0.19%
984,TELEPERFORMANCE,339 ,0.01%,0.19%
985,QBE INSURANCE GROUP LTD,339 ,0.01%,0.20%
986,BARRATT DEVELOPMENTS PLC,337 ,0.01%,0.56%
987,BB SEGURIDADE PARTICIPACOES,336 ,0.01%,0.21%
988,ATLAS COPCO AB B SHS,332 ,0.01%,0.16%
989,DOMINO S PIZZA INC,332 ,0.01%,0.21%
990,MATCH GROUP INC,331 ,0.01%,0.23%
991,BANCO BRADESCO ADR,331 ,0.01%,0.17%
992,CHINA MERCHANTS BANK A,330 ,0.01%,0.02%
993,WP CAREY INC,329 ,0.01%,0.16%
994,QUEBECOR INC   CL B,328 ,0.01%,0.75%
995,LASERTEC CORP,326 ,0.01%,0.17%
996,SKF AB B SHARES,326 ,0.01%,0.40%
997,WESTERN DIGITAL CORP,326 ,0.01%,0.26%
998,HAIER SMART HOME CO LTD H,326 ,0.01%,0.26%
999,EIFFAGE,325 ,0.01%,0.27%
1000,KIMCO REALTY CORP,325 ,0.01%,0.20%
1001,WSP GLOBAL INC,324 ,0.01%,0.18%
1002,CATHAY FINANCIAL HOLDING CO,324 ,0.01%,0.13%
1003,COLES GROUP LTD,323 ,0.01%,0.17%
1004,INTERNATIONAL PAPER CO,322 ,0.01%,0.21%
1005,TERUMO CORP,322 ,0.01%,0.12%
1006,RAIA DROGASIL SA,321 ,0.01%,0.34%
1007,ESSEX PROPERTY TRUST INC,321 ,0.01%,0.18%
1008,DOLLARAMA INC,321 ,0.01%,0.15%
1009,MITSUBISHI HEAVY INDUSTRIES,319 ,0.01%,0.19%
1010,LIVE NATION ENTERTAINMENT IN,319 ,0.01%,0.16%
1011,RELIANCE STEEL + ALUMINUM,318 ,0.01%,0.21%
1012,WEICHAI POWER CO LTD H,318 ,0.01%,0.96%
1013,UNICHARM CORP,318 ,0.01%,0.11%
1014,HEALTHPEAK PROPERTIES INC,317 ,0.01%,0.19%
1015,CSPC PHARMACEUTICAL GROUP LT,317 ,0.01%,0.20%
1016,CTBC FINANCIAL HOLDING CO LT,315 ,0.01%,0.18%
1017,NIBE INDUSTRIER AB B SHS,314 ,0.01%,0.15%
1018,POOL CORP,313 ,0.01%,0.21%
1019,WHEATON PRECIOUS METALS CORP,313 ,0.01%,0.14%
1020,MOSCOW EXCHANGE MICEX RTS PJ,312 ,0.01%,0.83%
1021,EISAI CO LTD,312 ,0.01%,0.13%
1022,TECK RESOURCES LTD CLS B,311 ,0.01%,0.13%
1023,DOCUSIGN INC,310 ,0.01%,0.22%
1024,REPLIGEN CORP,309 ,0.01%,0.26%
1025,VAT GROUP AG,308 ,0.01%,0.30%
1026,STRAUMANN HOLDING AG REG,307 ,0.01%,0.13%
1027,ASAHI GROUP HOLDINGS LTD,306 ,0.01%,0.15%
1028,ORKLA ASA,305 ,0.01%,0.33%
1029,THOR INDUSTRIES INC,304 ,0.01%,0.59%
1030,METRO INC/CN,304 ,0.01%,0.18%
1031,KUAISHOU TECHNOLOGY,302 ,0.01%,0.07%
1032,UDR INC,302 ,0.01%,0.19%
1033,ASIAN PAINTS LTD,301 ,0.01%,0.07%
1034,TAPESTRY INC,301 ,0.01%,0.26%
1035,FRESNILLO PLC,300 ,0.01%,0.30%
1036,LENOVO GROUP LTD,299 ,0.01%,0.24%
1037,ASTRA INTERNATIONAL TBK PT,298 ,0.01%,0.16%
1038,BUDWEISER BREWING CO APAC LT,298 ,0.01%,0.06%
1039,SAUDI ARABIAN MINING CO,297 ,0.01%,0.05%
1040,MAHINDRA + MAHINDRA LTD,297 ,0.01%,0.12%
1041,ARISTOCRAT LEISURE LTD,297 ,0.01%,0.17%
1042,NEDBANK GROUP LTD,295 ,0.01%,0.36%
1043,PETROCHINA CO LTD H,295 ,0.01%,0.24%
1044,BANCO BRADESCO SA PREF,293 ,0.01%,0.15%
1045,SUNCORP GROUP LTD,292 ,0.01%,0.22%
1046,BID CORP LTD,291 ,0.01%,0.35%
1047,SAUDI TELECOM CO,290 ,0.01%,0.05%
1048,AJINOMOTO CO INC,289 ,0.01%,0.14%
1049,ROYAL CARIBBEAN CRUISES LTD,289 ,0.01%,0.18%
1050,ARCONIC CORP,287 ,0.01%,1.06%
1051,ANGLO AMERICAN PLATINUM LTD,287 ,0.01%,0.10%
1052,ALLEGION PLC,285 ,0.01%,0.24%
1053,PACIFIC BASIN SHIPPING LTD,285 ,0.01%,1.27%
1054,STATE BANK OF INDIA,284 ,0.01%,0.03%
1055,DOORDASH INC   A,284 ,0.01%,0.13%
1056,ITC LTD,283 ,0.01%,0.04%
1057,NOVATEK PJSC,283 ,0.01%,0.05%
1058,SMITH (A.O.) CORP,283 ,0.01%,0.31%
1059,ISHARES PLC   ISHARES CORE FTS,282 ,0.01%,0.17%
1060,CRODA INTERNATIONAL PLC,281 ,0.01%,0.20%
1061,FUBON FINANCIAL HOLDING CO,280 ,0.01%,0.10%
1062,BANCO DO BRASIL S.A.,277 ,0.01%,0.12%
1063,EDENRED,277 ,0.01%,0.16%
1064,RANDSTAD NV,276 ,0.01%,0.19%
1065,OTSUKA HOLDINGS CO LTD,275 ,0.01%,0.12%
1066,AMBEV SA ADR,274 ,0.01%,0.05%
1067,PUBLIC BANK BERHAD,274 ,0.01%,0.11%
1068,CHINA MENGNIU DAIRY CO,274 ,0.01%,0.12%
1069,HCL TECHNOLOGIES LTD,273 ,0.01%,0.06%
1070,GANFENG LITHIUM GROUP CO L H,273 ,0.01%,0.71%
1071,NICE LTD,272 ,0.01%,0.18%
1072,KINGFISHER PLC,271 ,0.01%,0.39%
1073,GINKGO BIOWORKS HOLDINGS INC,270 ,0.01%,0.93%
1074,YETI HOLDINGS INC,270 ,0.01%,0.60%
1075,CHINA TOURISM GROUP DUTY F A,268 ,0.01%,0.03%
1076,COMPUTERSHARE LTD,268 ,0.01%,0.20%
1077,CHUNGHWA TELECOM CO LTD,267 ,0.01%,0.07%
1078,GFL ENVIRONMENTAL INC SUB VT,267 ,0.01%,0.22%
1079,CATALENT INC,267 ,0.01%,0.26%
1080,CAPITEC BANK HOLDINGS LTD,265 ,0.01%,0.16%
1081,ENTEGRIS INC,265 ,0.01%,0.21%
1082,CHINA SHENHUA ENERGY CO H,264 ,0.01%,0.21%
1083,CHINA LIFE INSURANCE CO H,263 ,0.01%,0.16%
1084,AMBEV SA,263 ,0.01%,0.05%
1085,GALP ENERGIA SGPS SA,261 ,0.01%,0.18%
1086,ZTO EXPRESS CAYMAN INC ADR,261 ,0.01%,0.13%
1087,PAN PACIFIC INTERNATIONAL HO,261 ,0.01%,0.17%
1088,SHIONOGI + CO LTD,260 ,0.01%,0.13%
1089,SAINSBURY (J) PLC,259 ,0.01%,0.33%
1090,SCHINDLER HOLDING PART CERT,256 ,0.01%,0.26%
1091,RESONA HOLDINGS INC,254 ,0.01%,0.15%
1092,ENN ENERGY HOLDINGS LTD,252 ,0.01%,0.13%
1093,WINGSTOP INC,251 ,0.01%,0.48%
1094,EDP ENERGIAS DE PORTUGAL SA,251 ,0.01%,0.10%
1095,CHAILEASE HOLDING CO LTD,251 ,0.01%,0.18%
1096,ADANI ENTERPRISES LTD,251 ,0.01%,0.04%
1097,NEXSTAR MEDIA GROUP INC,251 ,0.01%,0.30%
1098,FORMOSA PLASTICS CORP,249 ,0.01%,0.11%
1099,BANK OF IRELAND GROUP PLC,248 ,0.01%,0.19%
1100,SHENZHOU INTERNATIONAL GROUP,248 ,0.01%,0.12%
1101,CHINA PETROLEUM + CHEMICAL H,246 ,0.01%,0.16%
1102,M3 INC,246 ,0.01%,0.11%
1103,WPP PLC,245 ,0.01%,0.18%
1104,ASR NEDERLAND NV,245 ,0.01%,0.27%
1105,GERDAU SA PREF,244 ,0.01%,0.31%
1106,SS+C TECHNOLOGIES HOLDINGS,244 ,0.01%,0.15%
1107,NOMURA RESEARCH INSTITUTE LT,243 ,0.01%,0.13%
1108,MTN GROUP LTD,243 ,0.01%,0.14%
1109,CITIC SECURITIES CO LTD H,242 ,0.01%,0.36%
1110,NOVATEK MICROELECTRONICS COR,242 ,0.01%,0.31%
1111,CUSHMAN + WAKEFIELD PLC,241 ,0.01%,0.68%
1112,ORIENT OVERSEAS INTL LTD,240 ,0.01%,0.16%
1113,SODEXO SA,237 ,0.01%,0.13%
1114,DENTSPLY SIRONA INC,235 ,0.01%,0.27%
1115,CHINA VANKE CO LTD H,233 ,0.01%,0.48%
1116,ADANI TOTAL GAS LTD,233 ,0.01%,0.04%
1117,NINE DRAGONS PAPER HOLDINGS,230 ,0.01%,0.42%
1118,SUN PHARMACEUTICAL INDUS,230 ,0.01%,0.06%
1119,QUANTA COMPUTER INC,230 ,0.01%,0.20%
1120,AMERICAN FINANCIAL GROUP INC,229 ,0.01%,0.15%
1121,TATA STEEL LTD,229 ,0.01%,0.11%
1122,ZHONGSHENG GROUP HOLDINGS,228 ,0.01%,0.15%
1123,BERKSHIRE HATHAWAY INC CL A,226 ,0.01%,0.01%
1124,SOC QUIMICA Y MINERA CHILE B,226 ,0.01%,0.15%
1125,WULIANGYE YIBIN CO LTD A,225 ,0.01%,0.02%
1126,BERKELEY GROUP HOLDINGS/THE,224 ,0.01%,0.36%
1127,FIDELITY NATIONAL FINANCIAL,224 ,0.01%,0.17%
1128,JUNIPER NETWORKS INC,223 ,0.01%,0.17%
1129,EAST MONEY INFORMATION CO A,223 ,0.01%,0.05%
1130,EMAAR PROPERTIES PJSC,222 ,0.01%,0.12%
1131,BRAMBLES LTD,222 ,0.01%,0.15%
1132,KIMBERLY CLARK DE MEXICO A,221 ,0.01%,0.64%
1133,SUNGROW POWER SUPPLY CO LT A,220 ,0.01%,0.07%
1134,MMC NORILSK NICKEL PJSC,220 ,0.01%,0.05%
1135,SHENZHEN MINDRAY BIO MEDIC A,220 ,0.01%,0.03%
1136,RIYAD BANK,219 ,0.01%,0.07%
1137,AGRICULTURAL BANK OF CHINA H,219 ,0.01%,0.16%
1138,XERO LTD,219 ,0.01%,0.24%
1139,BILL HOLDINGS INC,218 ,0.01%,0.15%
1140,PULTEGROUP INC,217 ,0.01%,0.17%
1141,SINOPHARM GROUP CO H,217 ,0.01%,0.50%
1142,CHINA STEEL CORP,216 ,0.01%,0.11%
1143,ABSA GROUP LTD,216 ,0.01%,0.18%
1144,IGO LTD,215 ,0.01%,0.25%
1145,NUTRIEN LTD,215 ,0.01%,0.05%
1146,NAN YA PLASTICS CORP,215 ,0.01%,0.09%
1147,CHINA TOURISM GROUP DUTY F A,215 ,0.01%,0.03%
1148,EASTMAN CHEMICAL CO,215 ,0.01%,0.17%
1149,CHINA OVERSEAS LAND + INVEST,213 ,0.01%,0.06%
1150,CHINA RESOURCES BEER HOLDING,212 ,0.01%,0.07%
1151,TITAN CO LTD,212 ,0.01%,0.06%
1152,WHEATON PRECIOUS METALS CORP,212 ,0.01%,0.09%
1153,LAND SECURITIES GROUP PLC,211 ,0.01%,0.30%
1154,MEGA FINANCIAL HOLDING CO LT,211 ,0.01%,0.12%
1155,OBAYASHI CORP,210 ,0.01%,0.30%
1156,ENEOS HOLDINGS INC,210 ,0.01%,0.15%
1157,TINGYI (CAYMAN ISLN) HLDG CO,209 ,0.01%,0.17%
1158,IPG PHOTONICS CORP,208 ,0.01%,0.36%
1159,VISTRA CORP,208 ,0.01%,0.18%
1160,AIR CHINA LTD H,206 ,0.01%,0.40%
1161,LONGI GREEN ENERGY TECHNOL A,206 ,0.01%,0.04%
1162,NN GROUP NV,202 ,0.01%,0.13%
1163,GRUPO TELEVISA SA SPON ADR,201 ,0.01%,0.61%
1164,BEIGENE LTD,200 ,0.01%,0.07%
1165,HUADONG MEDICINE CO LTD A,200 ,0.01%,0.13%
1166,MUYUAN FOODS CO LTD A,200 ,0.01%,0.04%
1167,BROOKFIELD ASSET MGMT A,200 ,0.01%,0.03%
1168,SHRIRAM FINANCE LTD,199 ,0.01%,0.25%
1169,UNI PRESIDENT ENTERPRISES CO,199 ,0.01%,0.13%
1170,PANDORA A/S,199 ,0.01%,0.23%
1171,PHARMARON BEIJING CO LTD H,198 ,0.01%,1.12%
1172,WESTROCK CO,198 ,0.01%,0.17%
1173,MALAYAN BANKING BHD,198 ,0.01%,0.07%
1174,HENGAN INTL GROUP CO LTD,197 ,0.01%,0.25%
1175,SNAP ON INC,197 ,0.01%,0.13%
1176,CHESAPEAKE ENERGY CORP,197 ,0.01%,0.12%
1177,JD HEALTH INTERNATIONAL INC,196 ,0.01%,0.05%
1178,SUMITOMO METAL MINING CO LTD,196 ,0.01%,0.15%
1179,LA FRANCAISE DES JEUX SAEM,195 ,0.01%,0.20%
1180,CELANESE CORP,195 ,0.01%,0.14%
1181,KE HOLDINGS INC ADR,194 ,0.01%,0.09%
1182,QATAR ISLAMIC BANK,194 ,0.01%,0.13%
1183,H WORLD GROUP LTD ADR,194 ,0.01%,0.11%
1184,BANK OF NINGBO CO LTD  A,193 ,0.01%,0.05%
1185,BRENNTAG SE,193 ,0.01%,0.15%
1186,COCA COLA HBC AG DI,193 ,0.01%,0.17%
1187,SABIC AGRI NUTRIENTS CO,192 ,0.01%,0.08%
1188,E.SUN FINANCIAL HOLDING CO,192 ,0.01%,0.14%
1189,STARPOWER SEMICONDUCTOR LT A,192 ,0.01%,0.19%
1190,ZIJIN MINING GROUP CO LTD A,191 ,0.01%,0.05%
1191,NONGFU SPRING CO LTD H,191 ,0.01%,0.05%
1192,HYDRO ONE LTD,191 ,0.01%,0.09%
1193,SUNNY OPTICAL TECH,190 ,0.01%,0.11%
1194,BATH + BODY WORKS INC,189 ,0.01%,0.15%
1195,SONIC HEALTHCARE LTD,187 ,0.01%,0.15%
1196,BROTHER INDUSTRIES LTD,187 ,0.01%,0.38%
1197,INPEX CORP,186 ,0.01%,0.10%
1198,BOSTON PROPERTIES INC,185 ,0.01%,0.14%
1199,SAUDI BRITISH BANK,183 ,0.01%,0.07%
1200,AGC INC,183 ,0.01%,0.19%
1201,GRUPO AEROPORT DEL SURESTE B,183 ,0.01%,0.22%
1202,FOX CORP   CLASS A,181 ,0.01%,0.16%
1203,AIRPORTS OF THAILAND PCL FOR,181 ,0.01%,0.05%
1204,HINDALCO INDUSTRIES LTD,181 ,0.01%,0.11%
1205,RUMO SA,181 ,0.01%,0.22%
1206,SHANDONG HUALU HENGSHENG A,181 ,0.01%,0.14%
1207,AIRTAC INTERNATIONAL GROUP,179 ,0.01%,0.23%
1208,FLEX LTD,178 ,0.01%,0.14%
1209,SANDS CHINA LTD,178 ,0.01%,0.05%
1210,AGCO CORP,178 ,0.01%,0.14%
1211,SUMITOMO MITSUI TRUST HOLDIN,177 ,0.01%,0.11%
1212,UPL LTD,177 ,0.01%,0.21%
1213,NTPC LTD,176 ,0.01%,0.07%
1214,CENTRICA PLC,176 ,0.01%,0.20%
1215,POLSKI KONCERN NAFTOWY ORLEN,176 ,0.01%,0.08%
1216,CP ALL PCL FOREIGN,176 ,0.01%,0.08%
1217,SILERGY CORP,176 ,0.01%,0.26%
1218,FIRST FINANCIAL HOLDING CO,174 ,0.01%,0.12%
1219,HDFC LIFE INSURANCE CO LTD,174 ,0.01%,0.09%
1220,EQT CORP,174 ,0.01%,0.11%
1221,JAZZ PHARMACEUTICALS PLC,173 ,0.01%,0.14%
1222,CIMB GROUP HOLDINGS BHD,173 ,0.01%,0.10%
1223,SHIMANO INC,173 ,0.01%,0.09%
1224,SASOL LTD,173 ,0.01%,0.14%
1225,QORVO INC,172 ,0.01%,0.15%
1226,WHIRLPOOL CORP,171 ,0.01%,0.18%
1227,CONVATEC GROUP PLC,170 ,0.01%,0.23%
1228,PRESIDENT CHAIN STORE CORP,170 ,0.01%,0.15%
1229,FIRST AMERICAN FINANCIAL,168 ,0.01%,0.25%
1230,LOJAS RENNER S.A.,168 ,0.01%,0.34%
1231,ERSTE GROUP BANK AG,168 ,0.01%,0.10%
1232,ASMPT LTD,168 ,0.01%,0.45%
1233,ADANI TRANSMISSION  LTD,166 ,0.01%,0.04%
1234,TRANSUNION,164 ,0.01%,0.12%
1235,HITACHI CONSTRUCTION MACHINE,164 ,0.01%,0.27%
1236,TAYLOR WIMPEY PLC,164 ,0.01%,0.30%
1237,SHANGHAI INTERNATIONAL AIR A,163 ,0.01%,0.06%
1238,SNAM SPA,163 ,0.01%,0.08%
1239,ALINMA BANK,163 ,0.01%,0.07%
1240,PETROLEO BRASIL SP PREF  ADR,162 ,0.01%,0.05%
1241,RAIZEN SA   PREFERENCE,162 ,0.01%,1.33%
1242,UCB SA,162 ,0.01%,0.08%
1243,WOLFSPEED INC,159 ,0.01%,0.15%
1244,FOSHAN HAITIAN FLAVOURING  A,159 ,0.01%,0.02%
1245,TAIWAN COOPERATIVE FINANCIAL,159 ,0.01%,0.11%
1246,TELEFONICA BRASIL S.A.,158 ,0.01%,0.10%
1247,JABIL INC,157 ,0.01%,0.14%
1248,RICOH CO LTD,155 ,0.01%,0.26%
1249,NESTLE INDIA LTD,155 ,0.01%,0.05%
1250,TEXAS ROADHOUSE INC,155 ,0.01%,0.20%
1251,FORMOSA CHEMICALS + FIBRE,155 ,0.01%,0.09%
1252,BRITANNIA INDUSTRIES LTD,154 ,0.01%,0.10%
1253,BANK ALBILAD,154 ,0.01%,0.10%
1254,CLICKS GROUP LTD,153 ,0.01%,0.31%
1255,SOJITZ CORP,153 ,0.01%,0.25%
1256,AEGON NV,152 ,0.01%,0.11%
1257,BANQUE SAUDI FRANSI,152 ,0.01%,0.09%
1258,S F HOLDING CO LTD A,152 ,0.01%,0.03%
1259,ANGLOGOLD ASHANTI LTD,152 ,0.01%,0.15%
1260,LARGAN PRECISION CO LTD,151 ,0.01%,0.13%
1261,PICC PROPERTY + CASUALTY H,151 ,0.01%,0.18%
1262,AVENUE SUPERMARTS LTD,151 ,0.01%,0.04%
1263,AXCELIS TECHNOLOGIES INC,150 ,0.01%,0.45%
1264,REXEL SA,150 ,0.01%,0.20%
1265,HOSHIZAKI CORP,150 ,0.01%,0.23%
1266,SOUTHERN COPPER CORP,149 ,0.01%,0.03%
1267,VODACOM GROUP LTD,149 ,0.01%,0.08%
1268,INNER MONGOLIA YILI INDUS A,148 ,0.01%,0.04%
1269,TATA MOTORS LTD,147 ,0.01%,0.07%
1270,CONTEMPORARY AMPEREX TECHN A,146 ,0.01%,0.01%
1271,DIODES INC,145 ,0.01%,0.33%
1272,ARROW ELECTRONICS INC,145 ,0.01%,0.18%
1273,AFFIRM HOLDINGS INC,145 ,0.01%,0.51%
1274,OTSUKA CORP,145 ,0.01%,0.19%
1275,VIBRA ENERGIA SA,145 ,0.01%,0.33%
1276,HUNTINGTON INGALLS INDUSTRIE,144 ,0.01%,0.12%
1277,SITC INTERNATIONAL HOLDINGS,144 ,0.01%,0.19%
1278,ALLY FINANCIAL INC,144 ,0.01%,0.16%
1279,JSW STEEL LTD,142 ,0.01%,0.05%
1280,HAIER SMART HOME CO LTD A,142 ,0.01%,0.05%
1281,TOKYO GAS CO LTD,141 ,0.01%,0.13%
1282,BHARAT PETROLEUM CORP LTD,141 ,0.01%,0.13%
1283,SM PRIME HOLDINGS INC,141 ,0.01%,0.06%
1284,CCR SA,140 ,0.01%,0.27%
1285,PETRONAS CHEMICALS GROUP BHD,140 ,0.01%,0.07%
1286,CHINA PACIFIC INSURANCE GR A,140 ,0.01%,0.18%
1287,ADANI GREEN ENERGY LTD,140 ,0.01%,0.03%
1288,PROCORE TECHNOLOGIES INC,140 ,0.01%,0.17%
1289,UNITED TRACTORS TBK PT,140 ,0.01%,0.18%
1290,CHINA MERCHANTS BANK A,139 ,0.01%,0.01%
1291,HELLOFRESH SE,139 ,0.01%,0.29%
1292,PROGYNY INC,138 ,0.01%,0.38%
1293,MARAVAI LIFESCIENCES HLDGS A,138 ,0.01%,0.58%
1294,SUOFEIYA HOME COLLECTION C A,138 ,0.01%,0.46%
1295,GREE ELECTRIC APPLIANCES I A,138 ,0.01%,0.04%
1296,TECH MAHINDRA LTD,137 ,0.01%,0.09%
1297,HAPVIDA PARTICIPACOES E INVE,137 ,0.01%,0.16%
1298,DAIWA SECURITIES GROUP INC,137 ,0.01%,0.16%
1299,STOCKLAND,136 ,0.01%,0.18%
1300,BAJAJ FINSERV LTD,136 ,0.01%,0.04%
1301,DAITO TRUST CONSTRUCT CO LTD,136 ,0.01%,0.15%
1302,SIBANYE STILLWATER LTD,136 ,0.01%,0.14%
1303,BERRY GLOBAL GROUP INC,136 ,0.01%,0.14%
1304,YUANTA FINANCIAL HOLDING CO,135 ,0.01%,0.12%
1305,ROYAL GOLD INC,135 ,0.01%,0.14%
1306,TSINGTAO BREWERY CO LTD H,134 ,0.01%,0.16%
1307,ALDAR PROPERTIES PJSC,134 ,0.01%,0.11%
1308,INPOST SA,134 ,0.01%,0.25%
1309,DICK S SPORTING GOODS INC,134 ,0.01%,0.15%
1310,SHANGHAI INTERNATIONAL AIR A,133 ,0.01%,0.05%
1311,EVERGREEN MARINE CORP LTD,133 ,0.01%,0.09%
1312,PTT EXPLOR + PROD PCL NVDR,133 ,0.01%,0.05%
1313,NRG ENERGY INC,132 ,0.01%,0.15%
1314,CITIC LTD,132 ,0.01%,0.03%
1315,ABU DHABI COMMERCIAL BANK,132 ,0.01%,0.06%
1316,SUZANO SA,131 ,0.01%,0.08%
1317,CIA DE DISTRIBUCION INTEGRAL,131 ,0.01%,0.31%
1318,EMIRATES NBD PJSC,131 ,0.01%,0.05%
1319,BIDVEST GROUP LTD,131 ,0.01%,0.24%
1320,DUBAI ISLAMIC BANK,131 ,0.01%,0.09%
1321,BHARAT ELECTRONICS LTD,130 ,0.01%,0.12%
1322,PARAMOUNT GLOBAL CLASS B,130 ,0.01%,0.10%
1323,SINGAPORE EXCHANGE LTD,129 ,0.01%,0.14%
1324,ECLAT TEXTILE COMPANY LTD,129 ,0.01%,0.23%
1325,AURIZON HOLDINGS LTD,129 ,0.01%,0.22%
1326,GUANGDONG HAID GROUP CO A,129 ,0.01%,0.07%
1327,SINOPAC FINANCIAL HOLDINGS,129 ,0.01%,0.16%
1328,SHOPRITE HOLDINGS LTD,129 ,0.01%,0.13%
1329,REMGRO LTD,129 ,0.01%,0.25%
1330,PKO BANK POLSKI SA,128 ,0.01%,0.12%
1331,CHINA MEDICAL SYSTEM HOLDING,128 ,0.01%,0.26%
1332,REALTEK SEMICONDUCTOR CORP,127 ,0.01%,0.21%
1333,INDUS TOWERS LTD,127 ,0.01%,0.16%
1334,BEAZLEY PLC,127 ,0.01%,0.18%
1335,WIWYNN CORP,127 ,0.01%,0.22%
1336,BOLIDEN AB,126 ,0.01%,0.10%
1337,MONOTARO CO LTD,126 ,0.01%,0.14%
1338,TAIWAN CEMENT,126 ,0.01%,0.13%
1339,KUNLUN ENERGY CO LTD,126 ,0.01%,0.16%
1340,DINO POLSKA SA,126 ,0.01%,0.12%
1341,SAGE GROUP PLC/THE,126 ,0.01%,0.11%
1342,BANGKOK DUSIT MED SERVICE F,125 ,0.01%,0.07%
1343,ADARO ENERGY INDONESIA TBK P,124 ,0.01%,0.12%
1344,POWSZECHNY ZAKLAD UBEZPIECZE,124 ,0.01%,0.14%
1345,HUA NAN FINANCIAL HOLDINGS C,124 ,0.01%,0.10%
1346,KULICKE + SOFFA INDUSTRIES,124 ,0.01%,0.39%
1347,WIPRO LTD,124 ,0.01%,0.04%
1348,LATTICE SEMICONDUCTOR CORP,124 ,0.01%,0.11%
1349,MAN GROUP PLC/JERSEY,123 ,0.01%,0.30%
1350,TERNIUM SA SPONSORED ADR,123 ,0.01%,0.16%
1351,WOOLWORTHS HOLDINGS LTD,123 ,0.01%,0.24%
1352,CIPLA LTD,123 ,0.01%,0.09%
1353,SBERBANK OF RUSSIA PJSC,123 ,0.01%,0.02%
1354,TORAY INDUSTRIES INC,122 ,0.01%,0.11%
1355,BALFOUR BEATTY PLC,122 ,0.01%,0.40%
1356,COMMERZBANK AG,122 ,0.01%,0.08%
1357,HIROSE ELECTRIC CO LTD,122 ,0.01%,0.20%
1358,GRUMA S.A.B. B,122 ,0.01%,0.19%
1359,COAL INDIA LTD,121 ,0.01%,0.06%
1360,SEIKO EPSON CORP,121 ,0.01%,0.16%
1361,RIYUE HEAVY INDUSTRY CO LT A,121 ,0.01%,0.32%
1362,PETRONET LNG LTD FOR,121 ,0.01%,0.24%
1363,CROCS INC,120 ,0.01%,0.14%
1364,TENARIS SA,120 ,0.00%,0.05%
1365,UNIMICRON TECHNOLOGY CORP,120 ,0.00%,0.16%
1366,JERONIMO MARTINS,120 ,0.00%,0.07%
1367,MOWI ASA,120 ,0.00%,0.11%
1368,BCE INC,119 ,0.00%,0.02%
1369,YARA INTERNATIONAL ASA,119 ,0.00%,0.08%
1370,SINO BIOPHARMACEUTICAL,119 ,0.00%,0.09%
1371,CEMEX SAB CPO,118 ,0.00%,0.16%
1372,COVESTRO AG,117 ,0.00%,0.12%
1373,PIDILITE INDUSTRIES LTD,117 ,0.00%,0.06%
1374,CHINA DEVELOPMENT FINANCIAL,117 ,0.00%,0.13%
1375,BIO RAD LABORATORIES A,117 ,0.00%,0.09%
1376,ASUSTEK COMPUTER INC,117 ,0.00%,0.14%
1377,ARAB NATIONAL BANK,117 ,0.00%,0.07%
1378,VIPSHOP HOLDINGS LTD   ADR,116 ,0.00%,0.13%
1379,ETIHAD ETISALAT CO,115 ,0.00%,0.13%
1380,BAJAJ AUTO LTD,115 ,0.00%,0.07%
1381,DR. REDDY S LABORATORIES,115 ,0.00%,0.11%
1382,SOLVAY SA,115 ,0.00%,0.08%
1383,EMPIRE CO LTD  A,115 ,0.00%,0.21%
1384,GLOBALWAFERS CO LTD,115 ,0.00%,0.15%
1385,LONGFOR GROUP HOLDINGS LTD,114 ,0.00%,0.05%
1386,ABU DHABI ISLAMIC BANK,114 ,0.00%,0.10%
1387,JIANGSU HENGRUI PHARMACEUT A,114 ,0.00%,0.03%
1388,EUROFINS SCIENTIFIC,113 ,0.00%,0.06%
1389,TATNEFT PJSC,113 ,0.00%,0.09%
1390,BANGKOK DUSIT MED SERVI NVDR,113 ,0.00%,0.07%
1391,KONINKLIJKE KPN NV,113 ,0.00%,0.07%
1392,CEZ AS,113 ,0.00%,0.05%
1393,MITSUBISHI HC CAPITAL INC,112 ,0.00%,0.12%
1394,KINGDEE INTERNATIONAL SFTWR,112 ,0.00%,0.12%
1395,TENCENT MUSIC ENTERTAINM ADR,112 ,0.00%,0.12%
1396,DEXUS/AU,112 ,0.00%,0.16%
1397,LI AUTO INC CLASS A,112 ,0.00%,0.05%
1398,HASBRO INC,112 ,0.00%,0.10%
1399,NEW ORIENTAL EDUCATION + TEC,112 ,0.00%,0.14%
1400,GRUPO BIMBO SAB  SERIES A,111 ,0.00%,0.05%
1401,BT GROUP PLC,111 ,0.00%,0.07%
1402,LI AUTO INC   ADR,111 ,0.00%,0.05%
1403,HOTAI MOTOR COMPANY LTD,111 ,0.00%,0.08%
1404,LOGITECH INTERNATIONAL REG,109 ,0.00%,0.08%
1405,MOL HUNGARIAN OIL AND GAS PL,109 ,0.00%,0.15%
1406,WANHUA CHEMICAL GROUP CO  A,109 ,0.00%,0.02%
1407,LTIMINDTREE LTD,108 ,0.00%,0.05%
1408,GRASIM INDUSTRIES LTD,108 ,0.00%,0.06%
1409,F5 INC,108 ,0.00%,0.10%
1410,HANGZHOU OXYGEN PLANT GROU A,108 ,0.00%,0.15%
1411,PTT PCL NVDR,108 ,0.00%,0.03%
1412,NARI TECHNOLOGY CO LTD A,108 ,0.00%,0.04%
1413,REINSURANCE GROUP OF AMERICA,107 ,0.00%,0.09%
1414,HF SINCLAIR CORP,107 ,0.00%,0.08%
1415,LINCOLN NATIONAL CORP,107 ,0.00%,0.16%
1416,TENAGA NASIONAL BHD,107 ,0.00%,0.07%
1417,JINKO SOLAR CO LTD A,107 ,0.00%,0.04%
1418,SAHARA INTERNATIONAL PETROCH,107 ,0.00%,0.13%
1419,AMKOR TECHNOLOGY INC,107 ,0.00%,0.14%
1420,JBS SA,106 ,0.00%,0.09%
1421,CARTER S INC,106 ,0.00%,0.29%
1422,DIVI S LABORATORIES LTD,106 ,0.00%,0.08%
1423,THE SHANGHAI COMMERCIAL + SA,106 ,0.00%,0.12%
1424,CHROMA ATE INC,106 ,0.00%,0.33%
1425,ZOOMINFO TECHNOLOGIES INC,105 ,0.00%,0.07%
1426,APOLLO HOSPITALS ENTERPRISE,105 ,0.00%,0.11%
1427,ONO PHARMACEUTICAL CO LTD,105 ,0.00%,0.07%
1428,BANCO BTG PACTUAL SA UNIT,105 ,0.00%,0.05%
1429,SAUDI ELECTRICITY CO,104 ,0.00%,0.03%
1430,ARC RESOURCES LTD,104 ,0.00%,0.10%
1431,WANHUA CHEMICAL GROUP CO  A,104 ,0.00%,0.02%
1432,TD SYNNEX CORP,104 ,0.00%,0.09%
1433,SIAM CEMENT PUB CO FOR REG,104 ,0.00%,0.07%
1434,EICHER MOTORS LTD,104 ,0.00%,0.08%
1435,CHINA CITIC BANK CORP LTD H,104 ,0.00%,0.12%
1436,XINYI SOLAR HOLDINGS LTD,103 ,0.00%,0.08%
1437,FORTUNE BRANDS INNOVATIONS I,103 ,0.00%,0.11%
1438,LUZHOU LAOJIAO CO LTD A,103 ,0.00%,0.02%
1439,VEDANTA LTD,103 ,0.00%,0.06%
1440,INDUSTRIES QATAR,103 ,0.00%,0.04%
1441,DELTA AIR LINES INC,103 ,0.00%,0.04%
1442,RADIAN GROUP INC,103 ,0.00%,0.27%
1443,TURK HAVA YOLLARI AO,103 ,0.00%,0.08%
1444,DOLBY LABORATORIES INC CL A,103 ,0.00%,0.19%
1445,AMUNDI SA,102 ,0.00%,0.07%
1446,MULTIPLY GROUP,102 ,0.00%,0.06%
1447,HOST HOTELS + RESORTS INC,102 ,0.00%,0.07%
1448,OIL + NATURAL GAS CORP LTD,102 ,0.00%,0.04%
1449,EQUATORIAL ENERGIA SA   ORD,102 ,0.00%,0.14%
1450,TAISHIN FINANCIAL HOLDING,101 ,0.00%,0.14%
1451,AVNET INC,101 ,0.00%,0.21%
1452,CREDIT AGRICOLE SA,101 ,0.00%,0.03%
1453,CATCHER TECHNOLOGY CO LTD,101 ,0.00%,0.20%
1454,ZOZO INC,101 ,0.00%,0.10%
1455,PORSCHE AUTOMOBIL HLDG PRF,101 ,0.00%,0.10%
1456,PING AN INSURANCE GROUP CO A,101 ,0.00%,0.01%
1457,YANDEX NV A,101 ,0.00%,0.10%
1458,CHINA RESOURCES SANJIU MED A,101 ,0.00%,0.12%
1459,HONGKONG LAND HOLDINGS LTD,101 ,0.00%,0.07%
1460,SMITH + NEPHEW PLC,101 ,0.00%,0.07%
1461,GENERAC HOLDINGS INC,101 ,0.00%,0.12%
1462,GRUPO AEROPORT DEL PACIFIC B,100 ,0.00%,0.13%
1463,TAIWAN MOBILE CO LTD,100 ,0.00%,0.07%
1464,SEMEN INDONESIA PERSERO TBK,100 ,0.00%,0.28%
1465,DR SULAIMAN AL HABIB MEDICAL,100 ,0.00%,0.04%
1466,AZUL SA ADR,100 ,0.00%,1.15%
1467,WINNEBAGO INDUSTRIES,100 ,0.00%,0.49%
1468,INGREDION INC,99 ,0.00%,0.12%
1469,AMERICANA RESTAURANTS INTERN,99 ,0.00%,0.12%
1470,ASSURANT INC,99 ,0.00%,0.12%
1471,CP ALL PCL NVDR,99 ,0.00%,0.04%
1472,WEIR GROUP PLC/THE,98 ,0.00%,0.15%
1473,RS GROUP PLC,98 ,0.00%,0.15%
1474,NOMURA REAL ESTATE HOLDINGS,98 ,0.00%,0.20%
1475,BANKINTER SA,98 ,0.00%,0.13%
1476,GILDAN ACTIVEWEAR INC,98 ,0.00%,0.16%
1477,LAMAR ADVERTISING CO A,98 ,0.00%,0.09%
1478,TATA CONSUMER PRODUCTS LTD,98 ,0.00%,0.09%
1479,SUZHOU NANOMICRO TECHNOLOG A,98 ,0.00%,0.26%
1480,GCL TECHNOLOGY HOLDINGS LTD,98 ,0.00%,0.11%
1481,DAVITA INC,98 ,0.00%,0.11%
1482,YAGEO CORPORATION,97 ,0.00%,0.10%
1483,GUANGZHOU KINGMED DIAGNOST A,97 ,0.00%,0.15%
1484,CIRRUS LOGIC INC,97 ,0.00%,0.19%
1485,MGM RESORTS INTERNATIONAL,97 ,0.00%,0.06%
1486,ADANI PORTS AND SPECIAL ECON,97 ,0.00%,0.04%
1487,MABUCHI MOTOR CO LTD,97 ,0.00%,0.40%
1488,BANK OF COMMUNICATIONS CO H,96 ,0.00%,0.04%
1489,TIETOEVRY OYJ,96 ,0.00%,0.23%
1490,ROSNEFT OIL CO PJSC,96 ,0.00%,0.01%
1491,GODREJ CONSUMER PRODUCTS LTD,96 ,0.00%,0.07%
1492,PETRO RIO SA,96 ,0.00%,0.12%
1493,SCENTRE GROUP,96 ,0.00%,0.07%
1494,YANKUANG ENERGY GROUP CO H,95 ,0.00%,0.13%
1495,LONGI GREEN ENERGY TECHNOL A,95 ,0.00%,0.02%
1496,CHINA TOWER CORP LTD H,95 ,0.00%,0.15%
1497,BUNZL PLC,95 ,0.00%,0.07%
1498,TAISEI CORP,94 ,0.00%,0.12%
1499,BUILDERS FIRSTSOURCE INC,94 ,0.00%,0.08%
1500,INSURANCE AUSTRALIA GROUP,94 ,0.00%,0.09%
1501,FINECOBANK SPA,94 ,0.00%,0.07%
1502,NISOURCE INC,94 ,0.00%,0.07%
1503,EQUITABLE HOLDINGS INC,94 ,0.00%,0.07%
1504,MASRAF AL RAYAN,94 ,0.00%,0.09%
1505,ZHEJIANG SUPCON TECHNOLOGY A,94 ,0.00%,0.11%
1506,CAMECO CORP,94 ,0.00%,0.08%
1507,LOEWS CORP,94 ,0.00%,0.05%
1508,AYALA LAND INC,94 ,0.00%,0.09%
1509,MUYUAN FOODS CO LTD A,93 ,0.00%,0.02%
1510,HUAYU AUTOMOTIVE SYSTEMS  A,93 ,0.00%,0.09%
1511,POSTAL SAVINGS BANK OF CHI H,93 ,0.00%,0.06%
1512,ADVANCED INFO SERVICE NVDR,93 ,0.00%,0.04%
1513,HARGREAVES LANSDOWN PLC,93 ,0.00%,0.15%
1514,AGEAS,93 ,0.00%,0.09%
1515,CAMDEN PROPERTY TRUST,93 ,0.00%,0.06%
1516,BYD CO LTD  A,93 ,0.00%,0.01%
1517,BANCO DE CHILE,93 ,0.00%,0.07%
1518,LITE ON TECHNOLOGY CORP,92 ,0.00%,0.15%
1519,DOUGLAS EMMETT INC,92 ,0.00%,0.26%
1520,CANADIAN TIRE CORP CLASS A,92 ,0.00%,0.13%
1521,INNOVENT BIOLOGICS INC,92 ,0.00%,0.11%
1522,NOBLE CORP PLC,92 ,0.00%,0.14%
1523,PTT PCL/FOREIGN,91 ,0.00%,0.03%
1524,SIAM CEMENT PCL NVDR,91 ,0.00%,0.06%
1525,SHANGHAI PUTAILAI NEW ENER A,91 ,0.00%,0.07%
1526,COLGATE PALMOLIVE (INDIA),91 ,0.00%,0.14%
1527,BANK PEKAO SA,91 ,0.00%,0.14%
1528,MONDI PLC,90 ,0.00%,0.09%
1529,GSK PLC SPON ADR,90 ,0.00%,0.01%
1530,CHINA RESOURCES GAS GROUP LT,90 ,0.00%,0.08%
1531,BDO UNIBANK INC,90 ,0.00%,0.07%
1532,OPEN TEXT CORP,90 ,0.00%,0.09%
1533,BANGKOK BANK PUBLIC CO NVDR,90 ,0.00%,0.09%
1534,SOCIETE BIC SA,90 ,0.00%,0.23%
1535,ACCTON TECHNOLOGY CORP,90 ,0.00%,0.17%
1536,CHINA NATIONAL BUILDING MA H,90 ,0.00%,0.19%
1537,EVE ENERGY CO LTD A,89 ,0.00%,0.03%
1538,MURPHY USA INC,89 ,0.00%,0.11%
1539,E INK HOLDINGS INC,88 ,0.00%,0.12%
1540,BANCO SANTANDER CHILE ADR,88 ,0.00%,0.09%
1541,TRITON INTERNATIONAL LTD,88 ,0.00%,0.17%
1542,SARTORIUS AG VORZUG,88 ,0.00%,0.05%
1543,OGE ENERGY CORP,88 ,0.00%,0.09%
1544,SHANXI XINGHUACUN FEN WINE A,88 ,0.00%,0.01%
1545,SCIENCE APPLICATIONS INTE,87 ,0.00%,0.11%
1546,THAI OIL PCL FOREIGN,87 ,0.00%,0.19%
1547,SANKYU INC,87 ,0.00%,0.30%
1548,NEXT PLC,87 ,0.00%,0.08%
1549,ADVANTECH CO LTD,87 ,0.00%,0.08%
1550,DISCOVERY LTD,87 ,0.00%,0.14%
1551,HARLEY DAVIDSON INC,87 ,0.00%,0.11%
1552,FAR EASTONE TELECOMM CO LTD,86 ,0.00%,0.10%
1553,B2GOLD CORP,86 ,0.00%,0.18%
1554,BANK NEGARA INDONESIA PERSER,86 ,0.00%,0.06%
1555,PEARSON PLC,86 ,0.00%,0.08%
1556,YANG MING MARINE TRANSPORT,86 ,0.00%,0.09%
1557,ORBIA ADVANCE CORP SAB DE CV,86 ,0.00%,0.19%
1558,EVA AIRWAYS CORP,86 ,0.00%,0.14%
1559,NANYA TECHNOLOGY CORP,85 ,0.00%,0.13%
1560,HANNOVER RUECK SE,85 ,0.00%,0.03%
1561,UNITED SPIRITS LTD,85 ,0.00%,0.09%
1562,THOMSON REUTERS CORP,84 ,0.00%,0.01%
1563,GREAT WALL MOTOR COMPANY H,84 ,0.00%,0.20%
1564,GODADDY INC   CLASS A,84 ,0.00%,0.06%
1565,CHINA RESOURCES POWER HOLDIN,84 ,0.00%,0.07%
1566,JARDINE CYCLE + CARRIAGE LTD,84 ,0.00%,0.08%
1567,BOISE CASCADE CO,84 ,0.00%,0.24%
1568,JD.COM INC ADR,84 ,0.00%,0.01%
1569,ANTOFAGASTA PLC,83 ,0.00%,0.04%
1570,CHINA GAS HOLDINGS LTD,83 ,0.00%,0.08%
1571,BILIBILI INC CLASS Z,83 ,0.00%,0.09%
1572,ENGIE BRASIL ENERGIA SA,83 ,0.00%,0.11%
1573,CAMPBELL SOUP CO,83 ,0.00%,0.04%
1574,UNITED INTERNET AG REG SHARE,83 ,0.00%,0.17%
1575,SILGAN HOLDINGS INC,83 ,0.00%,0.11%
1576,DROPBOX INC CLASS A,83 ,0.00%,0.10%
1577,COMMERCIAL BANK PSQC,82 ,0.00%,0.12%
1578,KINGBOARD HOLDINGS LTD,82 ,0.00%,0.18%
1579,PETRONAS GAS BHD,81 ,0.00%,0.08%
1580,OPAP SA,81 ,0.00%,0.12%
1581,MAKITA CORP,81 ,0.00%,0.10%
1582,INVESTOR AB A SHS,81 ,0.00%,0.03%
1583,EUROBANK ERGASIAS SERVICES A,81 ,0.00%,0.15%
1584,VENTURE CORP LTD,81 ,0.00%,0.17%
1585,TFI INTERNATIONAL INC,80 ,0.00%,0.07%
1586,A LIVING SMART CITY SERVICES,80 ,0.00%,0.37%
1587,PEGATRON CORP,80 ,0.00%,0.11%
1588,DABUR INDIA LTD,80 ,0.00%,0.05%
1589,SUBARU CORP,80 ,0.00%,0.05%
1590,AIRPORTS OF THAILAND PC NVDR,80 ,0.00%,0.02%
1591,QIAGEN N.V.,80 ,0.00%,0.06%
1592,HENDERSON LAND DEVELOPMENT,80 ,0.00%,0.04%
1593,SHANDONG WEIGAO GP MEDICAL H,79 ,0.00%,0.08%
1594,JEFFERIES FINANCIAL GROUP IN,79 ,0.00%,0.08%
1595,EXXARO RESOURCES LTD,79 ,0.00%,0.14%
1596,MANPOWERGROUP INC,79 ,0.00%,0.15%
1597,SNAP INC   A,79 ,0.00%,0.05%
1598,CHINA LONGYUAN POWER GROUP H,79 ,0.00%,0.15%
1599,ELIS SA,79 ,0.00%,0.18%
1600,RENESAS ELECTRONICS CORP,79 ,0.00%,0.04%
1601,CRANE HOLDINGS CO,78 ,0.00%,0.11%
1602,OCCIDENTAL PETROLEUM CORP,78 ,0.00%,0.00%
1603,BRP INC/CA  SUB VOTING,78 ,0.00%,0.22%
1604,DELTA ELECTRONICS THAI FORGN,78 ,0.00%,0.02%
1605,NSK LTD,78 ,0.00%,0.21%
1606,TECHNIP ENERGIES NV,78 ,0.00%,0.22%
1607,BANCO BRADESCO S.A.,78 ,0.00%,0.05%
1608,POSTE ITALIANE SPA,78 ,0.00%,0.05%
1609,CARVANA CO,78 ,0.00%,1.22%
1610,ASHLAND INC,78 ,0.00%,0.11%
1611,NORDSON CORP,78 ,0.00%,0.05%
1612,BOUYGUES SA,78 ,0.00%,0.05%
1613,KOC HOLDING AS,77 ,0.00%,0.05%
1614,SRF LTD,77 ,0.00%,0.07%
1615,COSCO SHIPPING HOLDINGS CO H,77 ,0.00%,0.18%
1616,MOBILE TELECOMMUNICATIONS CO,77 ,0.00%,0.08%
1617,KGHM POLSKA MIEDZ SA,77 ,0.00%,0.11%
1618,MCDONALD S HOLDINGS CO JAPAN,77 ,0.00%,0.12%
1619,WERNER ENTERPRISES INC,77 ,0.00%,0.24%
1620,NINGBO ORIENT WIRES + CABL A,76 ,0.00%,0.09%
1621,COSAN SA,76 ,0.00%,0.10%
1622,SM INVESTMENTS CORP,76 ,0.00%,0.03%
1623,ALIBABA HEALTH INFORMATION T,76 ,0.00%,0.05%
1624,HAITIAN INTERNATIONAL HLDGS,76 ,0.00%,0.14%
1625,ZIONS BANCORP NA,75 ,0.00%,0.08%
1626,HYPERA SA,75 ,0.00%,0.11%
1627,HARVEY NORMAN HOLDINGS LTD,75 ,0.00%,0.17%
1628,WALSIN LIHWA CORP,75 ,0.00%,0.10%
1629,OCI NV,75 ,0.00%,0.08%
1630,ALPHA SERVICES AND HOLDINGS,75 ,0.00%,0.23%
1631,ARCA CONTINENTAL SAB DE CV,74 ,0.00%,0.04%
1632,CIA SANEAMENTO BASICO DE SP,74 ,0.00%,0.08%
1633,MAGNIT PJSC,74 ,0.00%,0.10%
1634,PROMOTORA Y OPERADORA DE INF,74 ,0.00%,0.19%
1635,WILL SEMICONDUCTOR CO LTD A,74 ,0.00%,0.04%
1636,BP PLC SPONS ADR,74 ,0.00%,0.01%
1637,CHINA TUNGSTEN + HIGHTECH A,74 ,0.00%,0.24%
1638,AMERICA MOVIL SPN ADR CL L,74 ,0.00%,0.02%
1639,ANNALY CAPITAL MANAGEMENT IN,74 ,0.00%,0.06%
1640,YANDEX NV A,73 ,0.00%,0.09%
1641,TRUST FIBRA UNO,73 ,0.00%,0.13%
1642,ZAI LAB LTD ADR,73 ,0.00%,0.19%
1643,LIBERTY MEDIA CORP LIBERTY C,73 ,0.00%,0.05%
1644,EMEMORY TECHNOLOGY INC,73 ,0.00%,0.17%
1645,GLOBANT SA,73 ,0.00%,0.08%
1646,TELKOM INDONESIA PERSERO ADR,73 ,0.00%,0.02%
1647,QINETIQ GROUP PLC,73 ,0.00%,0.23%
1648,LAMB WESTON HOLDINGS INC,73 ,0.00%,0.04%
1649,YONYOU NETWORK TECHNOLOGY A,73 ,0.00%,0.05%
1650,ANGEL YEAST CO LTD A,73 ,0.00%,0.10%
1651,PRESS METAL ALUMINIUM HOLDIN,73 ,0.00%,0.06%
1652,GANFENG LITHIUM GROUP CO L A,73 ,0.00%,0.04%
1653,COMMERCIAL INTERNATIONAL BAN,73 ,0.00%,0.11%
1654,GUANGZHOU AUTOMOBILE GROUP H,72 ,0.00%,0.27%
1655,AMBUJA CEMENTS LTD,72 ,0.00%,0.05%
1656,FOOT LOCKER INC,72 ,0.00%,0.16%
1657,BUREAU VERITAS SA,72 ,0.00%,0.05%
1658,ALMARAI CO,72 ,0.00%,0.04%
1659,BAOSHAN IRON + STEEL CO A,72 ,0.00%,0.03%
1660,EDGEWELL PERSONAL CARE CO,72 ,0.00%,0.29%
1661,BEKAERT NV,72 ,0.00%,0.25%
1662,HEINEKEN HOLDING NV,71 ,0.00%,0.03%
1663,SHIN KONG FINANCIAL HOLDING,71 ,0.00%,0.13%
1664,GENSCRIPT BIOTECH CORP,71 ,0.00%,0.08%
1665,RYOHIN KEIKAKU CO LTD,71 ,0.00%,0.17%
1666,TCS GROUP HOLDING GDR REG S,71 ,0.00%,0.08%
1667,GRUPO FINANCIERO INBURSA O,71 ,0.00%,0.05%
1668,ABU DHABI NATIONAL OIL CO FO,71 ,0.00%,0.04%
1669,TUPRAS TURKIYE PETROL RAFINE,71 ,0.00%,0.07%
1670,MERDEKA COPPER GOLD TBK PT,71 ,0.00%,0.09%
1671,NORTHAM PLATINUM HOLDINGS LT,71 ,0.00%,0.13%
1672,HERO MOTOCORP LTD,70 ,0.00%,0.08%
1673,PARADE TECHNOLOGIES LTD,70 ,0.00%,0.27%
1674,ALCOA CORP,70 ,0.00%,0.07%
1675,INDUSTRIAL BANK CO LTD  A,70 ,0.00%,0.01%
1676,CHOW TAI FOOK JEWELLERY GROU,70 ,0.00%,0.03%
1677,INTL CONTAINER TERM SVCS INC,70 ,0.00%,0.08%
1678,DELTA ELECTRONICS THAI NVDR,70 ,0.00%,0.02%
1679,POPULAR INC,70 ,0.00%,0.11%
1680,ALLEGRO.EU SA,70 ,0.00%,0.09%
1681,TATA POWER CO LTD,69 ,0.00%,0.07%
1682,JFE HOLDINGS INC,69 ,0.00%,0.08%
1683,OLD MUTUAL LTD,69 ,0.00%,0.18%
1684,KLABIN SA   UNIT,69 ,0.00%,0.13%
1685,H.U. GROUP HOLDINGS INC,69 ,0.00%,0.44%
1686,ADVANCED INFO SERVICE FOR RG,69 ,0.00%,0.03%
1687,INDUSTRIAS PENOLES SAB DE CV,69 ,0.00%,0.11%
1688,MATIV HOLDINGS INC,69 ,0.00%,0.48%
1689,FRESENIUS MEDICAL CARE AG +,69 ,0.00%,0.06%
1690,BEIERSDORF AG,69 ,0.00%,0.02%
1691,SBI HOLDINGS INC,69 ,0.00%,0.10%
1692,CHINA CONCH VENTURE HOLDINGS,69 ,0.00%,0.14%
1693,COCA COLA FEMSA SAB DE CV,69 ,0.00%,0.15%
1694,KALBE FARMA TBK PT,69 ,0.00%,0.09%
1695,AUO CORP,68 ,0.00%,0.14%
1696,ELISA OYJ,68 ,0.00%,0.06%
1697,CHOLAMANDALAM INVESTMENT AND,68 ,0.00%,0.08%
1698,SELECT MEDICAL HOLDINGS CORP,68 ,0.00%,0.17%
1699,TOKYO SEIMITSU CO LTD,68 ,0.00%,0.40%
1700,SMITHS GROUP PLC,68 ,0.00%,0.08%
1701,BOUBYAN BANK K.S.C,68 ,0.00%,0.06%
1702,S.O.I.T.E.C.,68 ,0.00%,0.09%
1703,NETEASE INC ADR,68 ,0.00%,0.01%
1704,ENTAIN PLC,68 ,0.00%,0.06%
1705,CHINA NATIONAL NUCLEAR POW A,68 ,0.00%,0.03%
1706,ENN NATURAL GAS CO LTD A,68 ,0.00%,0.07%
1707,FUYAO GLASS INDUSTRY GROUP H,68 ,0.00%,0.21%
1708,AYALA CORPORATION,68 ,0.00%,0.07%
1709,HAIDILAO INTERNATIONAL HOLDI,67 ,0.00%,0.03%
1710,KUALA LUMPUR KEPONG BHD,67 ,0.00%,0.10%
1711,PAGSEGURO DIGITAL LTD CL A,67 ,0.00%,0.30%
1712,JINDAL STEEL + POWER LTD,67 ,0.00%,0.07%
1713,SEALED AIR CORP,67 ,0.00%,0.07%
1714,SKANSKA AB B SHS,67 ,0.00%,0.08%
1715,IG GROUP HOLDINGS PLC,67 ,0.00%,0.13%
1716,ROLLS ROYCE HOLDINGS PLC,67 ,0.00%,0.06%
1717,THAI LIFE INSURANCE PCL,67 ,0.00%,0.11%
1718,KH NEOCHEM CO LTD,67 ,0.00%,0.69%
1719,LEPU MEDICAL TECHNOLOGY A,66 ,0.00%,0.08%
1720,AMN HEALTHCARE SERVICES INC,66 ,0.00%,0.12%
1721,INFO EDGE INDIA LTD,66 ,0.00%,0.09%
1722,TETRA TECH INC,66 ,0.00%,0.07%
1723,CARLYLE GROUP INC/THE,66 ,0.00%,0.05%
1724,YES BANK LTD,66 ,0.00%,0.07%
1725,MERITAGE HOMES CORP,66 ,0.00%,0.15%
1726,IOI CORP BHD,66 ,0.00%,0.09%
1727,ICICI LOMBARD GENERAL INSURA,66 ,0.00%,0.07%
1728,AGILITY,66 ,0.00%,0.09%
1729,CHINA RESOURCES MIXC LIFESTY,66 ,0.00%,0.04%
1730,DIRECT LINE INSURANCE GROUP,65 ,0.00%,0.15%
1731,INDIAN HOTELS CO LTD,65 ,0.00%,0.09%
1732,DENTSU GROUP INC,65 ,0.00%,0.06%
1733,OKTA INC,65 ,0.00%,0.05%
1734,VOLTRONIC POWER TECHNOLOGY,65 ,0.00%,0.12%
1735,VENUSTECH GROUP INC A,65 ,0.00%,0.14%
1736,IDEMITSU KOSAN CO LTD,65 ,0.00%,0.07%
1737,COUNTRY GARDEN HOLDINGS CO,65 ,0.00%,0.05%
1738,AKBANK T.A.S.,65 ,0.00%,0.09%
1739,MGIC INVESTMENT CORP,64 ,0.00%,0.13%
1740,LEONARDO SPA,64 ,0.00%,0.10%
1741,DXC TECHNOLOGY CO,64 ,0.00%,0.08%
1742,BANK OF THE PHILIPPINE ISLAN,64 ,0.00%,0.06%
1743,HAVELLS INDIA LTD,64 ,0.00%,0.06%
1744,RITHM CAPITAL CORP,64 ,0.00%,0.13%
1745,FAR EASTERN NEW CENTURY CORP,64 ,0.00%,0.09%
1746,TENARIS SA ADR,64 ,0.00%,0.02%
1747,INNOLUX CORP,64 ,0.00%,0.15%
1748,BIM BIRLESIK MAGAZALAR AS,63 ,0.00%,0.11%
1749,SEINO HOLDINGS CO LTD,63 ,0.00%,0.27%
1750,INDUSTRIAL BANK CO LTD  A,63 ,0.00%,0.01%
1751,SUMITOMO FORESTRY CO LTD,63 ,0.00%,0.14%
1752,KOHLS CORP,63 ,0.00%,0.18%
1753,FISHER + PAYKEL HEALTHCARE C,63 ,0.00%,0.06%
1754,CIA ENERGETICA MINAS GER PRF,63 ,0.00%,0.16%
1755,KESKO OYJ B SHS,63 ,0.00%,0.08%
1756,KOMERCNI BANKA AS,63 ,0.00%,0.09%
1757,KANZHUN LTD   ADR,63 ,0.00%,0.06%
1758,ZHEJIANG JINGSHENG MECHANI A,63 ,0.00%,0.04%
1759,PAGE INDUSTRIES LTD,63 ,0.00%,0.09%
1760,GERDAU SA  SPON ADR,63 ,0.00%,0.08%
1761,AISIN CORP,62 ,0.00%,0.06%
1762,CARMAX INC,62 ,0.00%,0.05%
1763,CHINA YANGTZE POWER CO LTD A,62 ,0.00%,0.01%
1764,CHINA HONGQIAO GROUP LTD,62 ,0.00%,0.05%
1765,IMI PLC,62 ,0.00%,0.12%
1766,UNUM GROUP,62 ,0.00%,0.06%
1767,SENDAS DISTRIBUIDORA SA,62 ,0.00%,0.10%
1768,WENDEL,62 ,0.00%,0.12%
1769,MARICO LTD,62 ,0.00%,0.06%
1770,SANY HEAVY INDUSTRY CO LTD A,62 ,0.00%,0.03%
1771,GAIL INDIA LTD,62 ,0.00%,0.06%
1772,JIANGSU HENGLI HYDRAULIC C A,62 ,0.00%,0.04%
1773,4IMPRINT GROUP PLC,62 ,0.00%,0.34%
1774,ASPEN PHARMACARE HOLDINGS LT,62 ,0.00%,0.14%
1775,WEBSTER FINANCIAL CORP,61 ,0.00%,0.06%
1776,PACWEST BANCORP,61 ,0.00%,0.18%
1777,COLUMBIA BANKING SYSTEM INC,61 ,0.00%,0.20%
1778,WANT WANT CHINA HOLDINGS LTD,61 ,0.00%,0.06%
1779,KINGSOFT CORP LTD,61 ,0.00%,0.11%
1780,ACWA POWER CO,61 ,0.00%,0.02%
1781,COMPAL ELECTRONICS,61 ,0.00%,0.14%
1782,PI INDUSTRIES LTD,60 ,0.00%,0.08%
1783,LAND + HOUSES PUB   NVDR,60 ,0.00%,0.14%
1784,HONG LEONG BANK BERHAD,60 ,0.00%,0.05%
1785,NOVA LTD,60 ,0.00%,0.20%
1786,NEWELL BRANDS INC,60 ,0.00%,0.09%
1787,ACCOR SA,60 ,0.00%,0.07%
1788,INSPIRE MEDICAL SYSTEMS INC,60 ,0.00%,0.06%
1789,TRENT LTD FOREIGN,59 ,0.00%,0.08%
1790,COSCO SHIPPING PORTS LTD,59 ,0.00%,0.17%
1791,A2A SPA,59 ,0.00%,0.11%
1792,RICHTER GEDEON NYRT,59 ,0.00%,0.11%
1793,AIB GROUP PLC,59 ,0.00%,0.05%
1794,ARCBEST CORP,59 ,0.00%,0.27%
1795,FENG TAY ENTERPRISE CO LTD,59 ,0.00%,0.08%
1796,INVESCO LTD,59 ,0.00%,0.06%
1797,HONG KONG + CHINA GAS,59 ,0.00%,0.03%
1798,EREGLI DEMIR VE CELIK FABRIK,59 ,0.00%,0.06%
1799,SHREE CEMENT LTD,59 ,0.00%,0.05%
1800,GUANGDONG INVESTMENT LTD,58 ,0.00%,0.07%
1801,SHENZHEN INOVANCE TECHNOLO A,58 ,0.00%,0.02%
1802,GLOBE LIFE INC,58 ,0.00%,0.04%
1803,JGC HOLDINGS CORP,58 ,0.00%,0.14%
1804,CENCOSUD SA,58 ,0.00%,0.10%
1805,VARUN BEVERAGES LTD,58 ,0.00%,0.04%
1806,SHANXI XINGHUACUN FEN WINE A,58 ,0.00%,0.01%
1807,FUYAO GLASS INDUSTRY GROUP A,58 ,0.00%,0.05%
1808,TURK SISE VE CAM FABRIKALARI,58 ,0.00%,0.07%
1809,POWERCHIP SEMICONDUCTOR MANU,58 ,0.00%,0.11%
1810,CHINA FEIHE LTD,58 ,0.00%,0.06%
1811,FORMOSA PETROCHEMICAL CORP,58 ,0.00%,0.02%
1812,TAL EDUCATION GROUP  ADR,58 ,0.00%,0.13%
1813,JL MAG RARE EARTH CO LTD A,58 ,0.00%,0.15%
1814,CHORD ENERGY CORP,58 ,0.00%,0.08%
1815,ADANI POWER LTD,58 ,0.00%,0.03%
1816,GUOCO GROUP LTD,58 ,0.00%,0.16%
1817,DARLING INGREDIENTS INC,58 ,0.00%,0.05%
1818,WEIHAI GUANGWEI COMPOSITES A,58 ,0.00%,0.08%
1819,UNITED AIRLINES HOLDINGS INC,58 ,0.00%,0.04%
1820,ASIA CEMENT CORP,57 ,0.00%,0.10%
1821,ENEL AMERICAS SA,57 ,0.00%,0.03%
1822,HELLENIC TELECOMMUN ORGANIZA,57 ,0.00%,0.06%
1823,EMPRESAS COPEC SA,57 ,0.00%,0.05%
1824,DYNATRACE INC,57 ,0.00%,0.04%
1825,SUMITOMO ELECTRIC INDUSTRIES,57 ,0.00%,0.05%
1826,GROWTHPOINT PROPERTIES LTD,57 ,0.00%,0.15%
1827,SCB X PCL NVDR,57 ,0.00%,0.04%
1828,ARES MANAGEMENT CORP   A,57 ,0.00%,0.04%
1829,RINGKJOEBING LANDBOBANK A/S,57 ,0.00%,0.12%
1830,VALMET OYJ,57 ,0.00%,0.09%
1831,LUZHOU LAOJIAO CO LTD A,57 ,0.00%,0.01%
1832,MONEYSUPERMARKET.COM,56 ,0.00%,0.36%
1833,PING AN BANK CO LTD A,56 ,0.00%,0.01%
1834,TALANX AG,56 ,0.00%,0.04%
1835,NEW HOPE CORP LTD,56 ,0.00%,0.12%
1836,POLY DEVELOPMENTS AND HOLD A,56 ,0.00%,0.02%
1837,TONGCHENG TRAVEL HOLDINGS LT,56 ,0.00%,0.08%
1838,GOODYEAR TIRE + RUBBER CO,56 ,0.00%,0.15%
1839,RED ELECTRICA CORPORACION SA,56 ,0.00%,0.05%
1840,BUPA ARABIA FOR COOPERATIVE,56 ,0.00%,0.08%
1841,LIFE HEALTHCARE GROUP HOLDIN,56 ,0.00%,0.30%
1842,QATAR FUEL QSC,56 ,0.00%,0.09%
1843,MEDICAL PROPERTIES TRUST INC,56 ,0.00%,0.07%
1844,PENTAIR PLC,56 ,0.00%,0.06%
1845,ROYAL UNIBREW,56 ,0.00%,0.12%
1846,BEIJING ORIENTAL YUHONG A,55 ,0.00%,0.04%
1847,APPLIED INDUSTRIAL TECH INC,55 ,0.00%,0.09%
1848,NOMAD FOODS LTD,55 ,0.00%,0.15%
1849,EAST WEST BANCORP INC,55 ,0.00%,0.05%
1850,LINCOLN ELECTRIC HOLDINGS,55 ,0.00%,0.05%
1851,HIKMA PHARMACEUTICALS PLC,55 ,0.00%,0.11%
1852,SIME DARBY BERHAD,55 ,0.00%,0.12%
1853,PEOPLE S INSURANCE CO GROU H,55 ,0.00%,0.15%
1854,DLF LTD,55 ,0.00%,0.04%
1855,SSAB AB   B SHARES,55 ,0.00%,0.11%
1856,UBE CORP,55 ,0.00%,0.28%
1857,SUMBER ALFARIA TRIJAYA TBK P,55 ,0.00%,0.06%
1858,BUMRUNGRAD HOSPITAL PCL NVDR,55 ,0.00%,0.09%
1859,SYDBANK A/S,55 ,0.00%,0.18%
1860,INDIAN OIL CORP LTD,54 ,0.00%,0.03%
1861,CHINA INTERNATIONAL CAPITA H,54 ,0.00%,0.12%
1862,ROLLINS INC,54 ,0.00%,0.02%
1863,SALLY BEAUTY HOLDINGS INC,54 ,0.00%,0.32%
1864,LPP SA,54 ,0.00%,0.12%
1865,MULTICHOICE GROUP LTD,54 ,0.00%,0.14%
1866,CHINA COAL ENERGY CO H,54 ,0.00%,0.13%
1867,INDIVIOR PLC,54 ,0.00%,0.14%
1868,CELCOMDIGI BHD,54 ,0.00%,0.04%
1869,MACY S INC,54 ,0.00%,0.08%
1870,ZTE CORP H,54 ,0.00%,0.26%
1871,YANBU NATIONAL PETROCHEMICAL,54 ,0.00%,0.07%
1872,SMOORE INTERNATIONAL HOLDING,54 ,0.00%,0.04%
1873,TUBE INVESTMENTS OF INDIA LT,54 ,0.00%,0.07%
1874,JOLLIBEE FOODS CORP,54 ,0.00%,0.09%
1875,NEUROCRINE BIOSCIENCES INC,54 ,0.00%,0.04%
1876,SPS COMMERCE INC,53 ,0.00%,0.09%
1877,TATA ELXSI LTD,53 ,0.00%,0.09%
1878,SAUDI KAYAN PETROCHEMICAL CO,53 ,0.00%,0.08%
1879,JIANGXI COPPER CO LTD H,53 ,0.00%,0.20%
1880,KBR INC,53 ,0.00%,0.06%
1881,WESCO INTERNATIONAL INC,53 ,0.00%,0.07%
1882,CHINASOFT INTERNATIONAL LTD,53 ,0.00%,0.16%
1883,CHINA PACIFIC INSURANCE GR A,53 ,0.00%,0.04%
1884,POU CHEN,53 ,0.00%,0.13%
1885,MOUWASAT MEDICAL SERVICES CO,53 ,0.00%,0.07%
1886,IQIYI INC ADR,53 ,0.00%,0.18%
1887,CAESARS ENTERTAINMENT INC,52 ,0.00%,0.05%
1888,KUMBA IRON ORE LTD,52 ,0.00%,0.04%
1889,CHAROEN POKPHAND INDONESI PT,52 ,0.00%,0.07%
1890,HUNTSMAN CORP,52 ,0.00%,0.08%
1891,STEVEN MADDEN LTD,52 ,0.00%,0.17%
1892,JG SUMMIT HOLDINGS INC,52 ,0.00%,0.06%
1893,MISC BHD,52 ,0.00%,0.05%
1894,TOTVS SA,52 ,0.00%,0.13%
1895,RIO TINTO PLC SPON ADR,52 ,0.00%,0.00%
1896,BEIJING BEI MO GAO KE FRIC A,52 ,0.00%,0.19%
1897,ZHUZHOU CRRC TIMES ELECTRIC,52 ,0.00%,0.15%
1898,ALFA LAVAL AB,52 ,0.00%,0.03%
1899,ZIFF DAVIS INC,52 ,0.00%,0.11%
1900,EAST BUY HOLDING LTD,52 ,0.00%,0.06%
1901,BALOISE HOLDING AG   REG,52 ,0.00%,0.06%
1902,IPSOS,52 ,0.00%,0.15%
1903,PGE SA,51 ,0.00%,0.12%
1904,KASIKORNBANK PCL NVDR,51 ,0.00%,0.04%
1905,JAPAN POST INSURANCE CO LTD,51 ,0.00%,0.06%
1906,NEPI ROCKCASTLE N.V.,51 ,0.00%,0.11%
1907,BANK HAPOALIM BM,51 ,0.00%,0.03%
1908,VAIL RESORTS INC,51 ,0.00%,0.04%
1909,CHANG HWA COMMERCIAL BANK,51 ,0.00%,0.07%
1910,MICRO STAR INTERNATIONAL CO,51 ,0.00%,0.12%
1911,SHANGHAI UNITED IMAGING HE A,51 ,0.00%,0.00%
1912,REDE D OR SAO LUIZ SA,51 ,0.00%,0.03%
1913,NAN YA PRINTED CIRCUIT BOARD,51 ,0.00%,0.08%
1914,ITV PLC,51 ,0.00%,0.11%
1915,IHH HEALTHCARE BHD,51 ,0.00%,0.03%
1916,QATAR INTERNATIONAL ISLAMIC,51 ,0.00%,0.09%
1917,REINET INVESTMENTS SCA,51 ,0.00%,0.11%
1918,H I S CO LTD,51 ,0.00%,0.32%
1919,NOVOLIPETSK STEEL PJSC,50 ,0.00%,0.04%
1920,ALLETE INC,50 ,0.00%,0.11%
1921,QANTAS AIRWAYS LTD,50 ,0.00%,0.05%
1922,MESAIEED PETROCHEMICAL HOLDI,50 ,0.00%,0.05%
1923,QATAR ELECTRICITY + WATER CO,50 ,0.00%,0.07%
1924,BANCO SANTANDER CHILE,50 ,0.00%,0.05%
1925,TVS MOTOR CO LTD,50 ,0.00%,0.06%
1926,UFP INDUSTRIES INC,50 ,0.00%,0.08%
1927,CENTRAL PATTANA PCL NVDR,50 ,0.00%,0.04%
1928,CHARLES RIVER LABORATORIES,50 ,0.00%,0.04%
1929,QATAR GAS TRANSPORT(NAKILAT),50 ,0.00%,0.07%
1930,TRELLEBORG AB B SHS,50 ,0.00%,0.07%
1931,COMMERCIAL INTL BANK GDR REG,50 ,0.00%,0.11%
1932,TELSTRA GROUP LTD,50 ,0.00%,0.01%
1933,JARIR MARKETING CO,49 ,0.00%,0.08%
1934,EMCOR GROUP INC,49 ,0.00%,0.06%
1935,GAONA AERO MATERIAL CO LTD A,49 ,0.00%,0.12%
1936,PILBARA MINERALS LTD,49 ,0.00%,0.05%
1937,ALLEGRO MICROSYSTEMS INC,49 ,0.00%,0.07%
1938,BHARAT FORGE LTD,49 ,0.00%,0.08%
1939,WEST FRASER TIMBER CO LTD,49 ,0.00%,0.07%
1940,WPG HOLDINGS LTD,49 ,0.00%,0.15%
1941,SYNNEX TECHNOLOGY INTL CORP,49 ,0.00%,0.12%
1942,MEDPACE HOLDINGS INC,49 ,0.00%,0.06%
1943,PHARMAESSENTIA CORP,49 ,0.00%,0.09%
1944,PPB GROUP BERHAD,49 ,0.00%,0.07%
1945,XPENG INC   CLASS A SHARES,49 ,0.00%,0.06%
1946,LOUISIANA PACIFIC CORP,49 ,0.00%,0.09%
1947,CELSIUS HOLDINGS INC,49 ,0.00%,0.05%
1948,TURKCELL ILETISIM HIZMET AS,48 ,0.00%,0.09%
1949,CREDIT SAISON CO LTD,48 ,0.00%,0.16%
1950,CHINA STATE CONSTRUCTION INT,48 ,0.00%,0.07%
1951,UNILEVER INDONESIA TBK PT,48 ,0.00%,0.03%
1952,CGN POWER CO LTD H,48 ,0.00%,0.14%
1953,ESSENTIAL UTILITIES INC,48 ,0.00%,0.03%
1954,CASIO COMPUTER CO LTD,48 ,0.00%,0.15%
1955,WESTERN SUPERCONDUCTING TE A,48 ,0.00%,0.06%
1956,SIEMENS LTD,48 ,0.00%,0.03%
1957,BWX TECHNOLOGIES INC,48 ,0.00%,0.07%
1958,HIBBETT INC,48 ,0.00%,0.43%
1959,CENTRE TESTING INTL GROUP A,48 ,0.00%,0.07%
1960,GLOBALFOUNDRIES INC,48 ,0.00%,0.01%
1961,HYGEIA HEALTHCARE HOLDINGS C,48 ,0.00%,0.09%
1962,ICL GROUP LTD,48 ,0.00%,0.04%
1963,SEKISUI CHEMICAL CO LTD,48 ,0.00%,0.06%
1964,CHACHA FOOD CO LTD A,48 ,0.00%,0.10%
1965,BANCOLOMBIA S.A. SPONS ADR,47 ,0.00%,0.12%
1966,VERALLIA,47 ,0.00%,0.09%
1967,MR PRICE GROUP LTD,47 ,0.00%,0.16%
1968,VIENNA INSURANCE GROUP AG,47 ,0.00%,0.12%
1969,CONTAINER CORP OF INDIA LTD,47 ,0.00%,0.07%
1970,DTE MIDSTREAM LLC W/I,47 ,0.00%,0.00%
1971,GULF ENERGY DEVELOPM FOREIGN,47 ,0.00%,0.02%
1972,IND + COMM BK OF CHINA A,47 ,0.00%,0.00%
1973,UNI PRESIDENT CHINA HOLDINGS,47 ,0.00%,0.09%
1974,SYLVAMO CORP,47 ,0.00%,0.17%
1975,TAIWAN BUSINESS BANK,47 ,0.00%,0.11%
1976,KINROSS GOLD CORP,47 ,0.00%,0.07%
1977,BANCO DEL BAJIO SA,47 ,0.00%,0.10%
1978,FRESENIUS SE + CO KGAA,47 ,0.00%,0.02%
1979,GULF ENERGY DEVELOPMENT NVDR,47 ,0.00%,0.02%
1980,NIPPON SHINYAKU CO LTD,47 ,0.00%,0.09%
1981,JOHN WOOD GROUP PLC,47 ,0.00%,0.33%
1982,NEW CHINA LIFE INSURANCE C H,47 ,0.00%,0.15%
1983,BKW AG,47 ,0.00%,0.05%
1984,RUENTEX DEVELOPMENT CO LTD,47 ,0.00%,0.08%
1985,S F HOLDING CO LTD A,47 ,0.00%,0.01%
1986,FIRST MERCHANTS CORP,46 ,0.00%,0.15%
1987,GUANGDONG HAID GROUP CO A,46 ,0.00%,0.02%
1988,HACI OMER SABANCI HOLDING,46 ,0.00%,0.07%
1989,CHINA PACIFIC INSURANCE GR A,46 ,0.00%,0.04%
1990,CENTRAIS ELETRICAS BRAS PR B,46 ,0.00%,0.16%
1991,KEYERA CORP,46 ,0.00%,0.07%
1992,HYSAN DEVELOPMENT CO,46 ,0.00%,0.11%
1993,CHINA MERCHANTS PORT HOLDING,46 ,0.00%,0.06%
1994,FIRST CITIZENS BCSHS   CL A,46 ,0.00%,0.04%
1995,JUBILANT FOODWORKS LTD,46 ,0.00%,0.09%
1996,ENERGY ABSOLUTE PCL NVDR,46 ,0.00%,0.03%
1997,ALFA S.A.B. A,46 ,0.00%,0.12%
1998,SOHGO SECURITY SERVICES CO,46 ,0.00%,0.13%
1999,ASPEED TECHNOLOGY INC,46 ,0.00%,0.17%
2000,AUTOHOME INC ADR,46 ,0.00%,0.09%
2001,MAGAZINE LUIZA SA,46 ,0.00%,0.10%
2002,OOREDOO QPSC,46 ,0.00%,0.04%
2003,DAQO NEW ENERGY CORP ADR,46 ,0.00%,0.13%
2004,GENTING BHD,45 ,0.00%,0.09%
2005,INTERGLOBE AVIATION LTD,45 ,0.00%,0.04%
2006,LEGEND BIOTECH CORP ADR,45 ,0.00%,0.04%
2007,SEVERSTAL PJSC,45 ,0.00%,0.03%
2008,SHANGHAI M+G STATIONERY IN A,45 ,0.00%,0.05%
2009,TAIHEIYO CEMENT CORP,45 ,0.00%,0.19%
2010,SWATCH GROUP AG/THE BR,45 ,0.00%,0.04%
2011,SBI CARDS + PAYMENT SERVICES,45 ,0.00%,0.04%
2012,TURKIYE IS BANKASI C,45 ,0.00%,0.05%
2013,SERCO GROUP PLC,45 ,0.00%,0.16%
2014,RHB BANK BHD,45 ,0.00%,0.06%
2015,HENSOLDT AG,45 ,0.00%,0.14%
2016,UNIVERSAL ROBINA CORP,45 ,0.00%,0.07%
2017,BLACK KNIGHT INC,45 ,0.00%,0.04%
2018,SAUDI TADAWUL GROUP HOLDING,45 ,0.00%,0.06%
2019,WESTLAKE CORP,45 ,0.00%,0.03%
2020,SECURITAS AB B SHS,44 ,0.00%,0.08%
2021,VANGUARD INTERNATIONAL SEMI,44 ,0.00%,0.08%
2022,ZHEN DING TECHNOLOGY HOLDING,44 ,0.00%,0.11%
2023,CHINA POWER INTERNATIONAL,44 ,0.00%,0.07%
2024,CHINA OILFIELD SERVICES H,44 ,0.00%,0.16%
2025,ACC LTD,44 ,0.00%,0.06%
2026,PURE STORAGE INC   CLASS A,44 ,0.00%,0.04%
2027,NESTLE (MALAYSIA) BERHAD,44 ,0.00%,0.05%
2028,KNIGHT SWIFT TRANSPORTATION,44 ,0.00%,0.04%
2029,WESTON (GEORGE) LTD,44 ,0.00%,0.02%
2030,SASA POLYESTER SANAYI,44 ,0.00%,0.03%
2031,LIFE STORAGE INC,44 ,0.00%,0.04%
2032,MITSUI OSK LINES LTD,44 ,0.00%,0.04%
2033,SSAB AB A SHARES,44 ,0.00%,0.21%
2034,AMPOL LTD,44 ,0.00%,0.08%
2035,U HAUL HOLDING CO NON VOTING,44 ,0.00%,0.04%
2036,CHINA SHENHUA ENERGY CO A,43 ,0.00%,0.01%
2037,HANGZHOU HIKVISION DIGITAL A,43 ,0.00%,0.01%
2038,GREENTOWN SERVICE GROUP CO L,43 ,0.00%,0.16%
2039,CHINA VANKE CO LTD  A,43 ,0.00%,0.01%
2040,SWEDISH ORPHAN BIOVITRUM AB,43 ,0.00%,0.05%
2041,UNIPOL GRUPPO SPA,43 ,0.00%,0.10%
2042,SAUDI INVESTMENT BANK/THE,43 ,0.00%,0.07%
2043,INVENTEC CORP,43 ,0.00%,0.11%
2044,WINBOND ELECTRONICS CORP,43 ,0.00%,0.13%
2045,HANSOH PHARMACEUTICAL GROUP,43 ,0.00%,0.03%
2046,ENERSYS,43 ,0.00%,0.11%
2047,XIAMEN FARATRONIC CO LTD A,43 ,0.00%,0.07%
2048,MARUI GROUP CO LTD,43 ,0.00%,0.10%
2049,GDS HOLDINGS LTD CL A,43 ,0.00%,0.09%
2050,SHENZHEN INOVANCE TECHNOLO A,43 ,0.00%,0.01%
2051,EAST MONEY INFORMATION CO A,43 ,0.00%,0.01%
2052,NCR CORPORATION,43 ,0.00%,0.10%
2053,SAWAI GROUP HOLDINGS CO LTD,43 ,0.00%,0.25%
2054,VICINITY CENTRES,43 ,0.00%,0.05%
2055,ERIE INDEMNITY COMPANY CL A,42 ,0.00%,0.03%
2056,IHI CORP,42 ,0.00%,0.07%
2057,SIME DARBY PLANTATION BHD,42 ,0.00%,0.05%
2058,GRUPO TELEVISA SAB SER CPO,42 ,0.00%,0.13%
2059,ZHONGFU SHENYING CARBON FI A,42 ,0.00%,0.06%
2060,ASELSAN ELEKTRONIK SANAYI,42 ,0.00%,0.04%
2061,ACER INC,42 ,0.00%,0.14%
2062,SUBSEA 7 SA,42 ,0.00%,0.10%
2063,DIALOG GROUP BHD,42 ,0.00%,0.11%
2064,ELM CO,42 ,0.00%,0.05%
2065,STARWOOD PROPERTY TRUST INC,42 ,0.00%,0.06%
2066,BUMRUNGRAD HOSPITAL FOREIGN,42 ,0.00%,0.07%
2067,ANHUI HONGLU STEEL CONSTRU A,42 ,0.00%,0.11%
2068,BYD ELECTRONIC INTL CO LTD,42 ,0.00%,0.05%
2069,CHINA RAILWAY GROUP LTD H,42 ,0.00%,0.15%
2070,TELEFLEX INC,42 ,0.00%,0.03%
2071,VERINT SYSTEMS INC,42 ,0.00%,0.14%
2072,JB HI FI LTD,42 ,0.00%,0.11%
2073,REGENCY CENTERS CORP,42 ,0.00%,0.03%
2074,PERFORMANCE FOOD GROUP CO,42 ,0.00%,0.04%
2075,WASHINGTON H. SOUL PATTINSON,42 ,0.00%,0.05%
2076,CHENG SHIN RUBBER IND CO LTD,42 ,0.00%,0.09%
2077,SAUDI IND INVESTMENT GROUP,42 ,0.00%,0.07%
2078,DEUTSCHE PFANDBRIEFBANK AG,42 ,0.00%,0.32%
2079,GRIFOLS SA,42 ,0.00%,0.07%
2080,PILGRIM S PRIDE CORP,42 ,0.00%,0.06%
2081,TELENOR ASA,42 ,0.00%,0.03%
2082,JIANGSU HENGRUI PHARMACEUT A,42 ,0.00%,0.01%
2083,TRIP.COM GROUP LTD,41 ,0.00%,0.01%
2084,POLYUS PJSC,41 ,0.00%,0.02%
2085,MARUICHI STEEL TUBE LTD,41 ,0.00%,0.19%
2086,FINNING INTERNATIONAL INC,41 ,0.00%,0.09%
2087,CHINA STATE CONSTRUCTION  A,41 ,0.00%,0.01%
2088,Q HOLDING PJSC,41 ,0.00%,0.04%
2089,ENERGY ABSOLUTE PCL FOREIGN,41 ,0.00%,0.03%
2090,CHINA MINSHENG BANKING COR H,41 ,0.00%,0.11%
2091,FOSUN INTERNATIONAL LTD,41 ,0.00%,0.05%
2092,PERRIGO CO PLC,41 ,0.00%,0.07%
2093,JIANGSU YANGHE BREWERY  A,41 ,0.00%,0.01%
2094,DRIVEN BRANDS HOLDINGS INC,41 ,0.00%,0.07%
2095,M+G PLC,41 ,0.00%,0.06%
2096,JTEKT CORP,41 ,0.00%,0.13%
2097,HANGZHOU TIGERMED CONSULTI H,41 ,0.00%,0.23%
2098,XPENG INC   ADR,41 ,0.00%,0.05%
2099,BANCOLOMBIA SA,41 ,0.00%,0.07%
2100,NOMURA HOLDINGS INC,41 ,0.00%,0.03%
2101,GIANT MANUFACTURING,41 ,0.00%,0.13%
2102,SHENZHEN CAPCHEM TECHNOLOG A,41 ,0.00%,0.07%
2103,VF CORP,41 ,0.00%,0.03%
2104,FOX CORP   CLASS B,41 ,0.00%,0.05%
2105,DIC CORP,41 ,0.00%,0.19%
2106,NIPPON EXPRESS HOLDINGS INC,41 ,0.00%,0.06%
2107,SANTANDER BANK POLSKA SA,41 ,0.00%,0.05%
2108,EQUITY LIFESTYLE PROPERTIES,40 ,0.00%,0.03%
2109,PAYLOCITY HOLDING CORP,40 ,0.00%,0.03%
2110,J + J SNACK FOODS CORP,40 ,0.00%,0.11%
2111,NEC CORP,40 ,0.00%,0.03%
2112,AGRICULTURAL BANK OF CHINA A,40 ,0.00%,0.00%
2113,LIBERTY BROADBAND C,40 ,0.00%,0.03%
2114,PBF ENERGY INC CLASS A,40 ,0.00%,0.06%
2115,SPARK NEW ZEALAND LTD,40 ,0.00%,0.05%
2116,SURGUTNEFTEGAS PREFERENCE,40 ,0.00%,0.12%
2117,MRF LTD,40 ,0.00%,0.07%
2118,MELROSE INDUSTRIES PLC,40 ,0.00%,0.05%
2119,TORRENT PHARMACEUTICALS LTD,40 ,0.00%,0.05%
2120,WYNN RESORTS LTD,40 ,0.00%,0.03%
2121,KOBE STEEL LTD,40 ,0.00%,0.16%
2122,BOSIDENG INTL HLDGS LTD,40 ,0.00%,0.06%
2123,CHINA TAIPING INSURANCE HOLD,40 ,0.00%,0.07%
2124,LUXSHARE PRECISION INDUSTR A,40 ,0.00%,0.01%
2125,TONGWEI CO LTD A,40 ,0.00%,0.01%
2126,AMERICAN HOMES 4 RENT  A,39 ,0.00%,0.03%
2127,MAXIS BHD,39 ,0.00%,0.05%
2128,MINTH GROUP LTD,39 ,0.00%,0.10%
2129,WILEY (JOHN) + SONS CLASS A,39 ,0.00%,0.17%
2130,IIDA GROUP HOLDINGS CO LTD,39 ,0.00%,0.07%
2131,BANK AL JAZIRA,39 ,0.00%,0.07%
2132,YUM CHINA HOLDINGS INC,39 ,0.00%,0.01%
2133,ICICI PRUDENTIAL LIFE INSURA,39 ,0.00%,0.04%
2134,AP MOLLER MAERSK A/S A,39 ,0.00%,0.01%
2135,KIRBY CORP,39 ,0.00%,0.08%
2136,CITIC SECURITIES CO A,39 ,0.00%,0.01%
2137,CROMPTON GREAVES CONSUMER EL,39 ,0.00%,0.12%
2138,INDORAMA VENTURES PCL NVDR,39 ,0.00%,0.05%
2139,BANGKOK BANK PCL FOREIGN REG,39 ,0.00%,0.04%
2140,MAGNOLIA OIL + GAS CORP   A,39 ,0.00%,0.07%
2141,TRAVELSKY TECHNOLOGY LTD H,39 ,0.00%,0.16%
2142,GENPACT LTD,39 ,0.00%,0.04%
2143,PHOSAGRO PJSC,39 ,0.00%,0.03%
2144,BALKRISHNA INDUSTRIES LTD,39 ,0.00%,0.06%
2145,SOPRA STERIA GROUP,39 ,0.00%,0.10%
2146,PTT GLOBAL CHEMICAL PCL NVDR,39 ,0.00%,0.05%
2147,YOKOGAWA ELECTRIC CORP,39 ,0.00%,0.07%
2148,MPHASIS LTD,39 ,0.00%,0.07%
2149,HUA HONG SEMICONDUCTOR LTD,39 ,0.00%,0.07%
2150,PALANTIR TECHNOLOGIES INC A,38 ,0.00%,0.02%
2151,CROWN HOLDINGS INC,38 ,0.00%,0.03%
2152,AIER EYE HOSPITAL GROUP CO A,38 ,0.00%,0.01%
2153,360 DIGITECH INC,38 ,0.00%,0.09%
2154,FUJI ELECTRIC CO LTD,38 ,0.00%,0.05%
2155,CALIX INC,38 ,0.00%,0.07%
2156,PLUS500 LTD,38 ,0.00%,0.15%
2157,OSAKA GAS CO LTD,38 ,0.00%,0.04%
2158,CHONGQING FULING ZHACAI A,38 ,0.00%,0.09%
2159,LUXSHARE PRECISION INDUSTR A,38 ,0.00%,0.01%
2160,TIM SA,38 ,0.00%,0.05%
2161,AXIATA GROUP BERHAD,38 ,0.00%,0.05%
2162,ZHONGAN ONLINE P+C INSURAN H,38 ,0.00%,0.08%
2163,ROCHE HOLDING AG BR,38 ,0.00%,0.01%
2164,TOYO TIRE CORP,38 ,0.00%,0.17%
2165,PLDT INC,38 ,0.00%,0.06%
2166,MONCLER SPA,38 ,0.00%,0.02%
2167,BELLWAY PLC,38 ,0.00%,0.11%
2168,HARMONY GOLD MINING CO LTD,38 ,0.00%,0.14%
2169,ELF BEAUTY INC,38 ,0.00%,0.10%
2170,MABANEE CO KPSC,38 ,0.00%,0.09%
2171,YADEA GROUP HOLDINGS LTD,38 ,0.00%,0.06%
2172,INDIAN RAILWAY CATERING + TO,38 ,0.00%,0.05%
2173,DONGFENG MOTOR GRP CO LTD H,38 ,0.00%,0.18%
2174,CNH INDUSTRIAL NV,38 ,0.00%,0.01%
2175,ANDRITZ AG,37 ,0.00%,0.05%
2176,FLOW TRADERS,37 ,0.00%,0.27%
2177,DAICEL CORP,37 ,0.00%,0.13%
2178,INARI AMERTRON BHD,37 ,0.00%,0.13%
2179,NATIONAL BANK OF GREECE,37 ,0.00%,0.08%
2180,ROTORK PLC,37 ,0.00%,0.09%
2181,INTERNATIONAL MONEY EXPRESS,37 ,0.00%,0.32%
2182,ADMIRAL GROUP PLC,37 ,0.00%,0.04%
2183,DASSAULT AVIATION SA,37 ,0.00%,0.02%
2184,EN JAPAN INC,37 ,0.00%,0.32%
2185,DELIVERY HERO SE,37 ,0.00%,0.02%
2186,KURARAY CO LTD,37 ,0.00%,0.10%
2187,WULIANGYE YIBIN CO LTD A,37 ,0.00%,0.00%
2188,BRIGHTHOUSE FINANCIAL INC,37 ,0.00%,0.08%
2189,STAG INDUSTRIAL INC,37 ,0.00%,0.05%
2190,SANTEN PHARMACEUTICAL CO LTD,37 ,0.00%,0.09%
2191,SUPER MICRO COMPUTER INC,36 ,0.00%,0.07%
2192,STEWART INFORMATION SERVICES,36 ,0.00%,0.25%
2193,INDOFOOD SUKSES MAKMUR TBK P,36 ,0.00%,0.08%
2194,GRUPO CARSO SAB DE CV SER A1,36 ,0.00%,0.03%
2195,MORINAGA MILK INDUSTRY CO,36 ,0.00%,0.16%
2196,SURGUTNEFTEGAS PJSC,36 ,0.00%,0.03%
2197,WUXI APPTEC CO LTD A,36 ,0.00%,0.01%
2198,YAPI VE KREDI BANKASI,36 ,0.00%,0.05%
2199,SHANGHAI PUDONG DEVEL BANK A,36 ,0.00%,0.01%
2200,THUNDER SOFTWARE TECHNOLOG A,36 ,0.00%,0.04%
2201,GLODON CO LTD A,36 ,0.00%,0.03%
2202,INNER MONGOLIA YITAI COAL B,36 ,0.00%,0.16%
2203,TAIWAN HIGH SPEED RAIL CORP,36 ,0.00%,0.05%
2204,SEI INVESTMENTS COMPANY,36 ,0.00%,0.04%
2205,HINDUSTAN PETROLEUM CORP,36 ,0.00%,0.07%
2206,CONSENSUS CLOUD SOLUTION,36 ,0.00%,0.26%
2207,LUMEN TECHNOLOGIES INC,36 ,0.00%,0.05%
2208,CENTRAL RETAIL CORP FOREIGN,36 ,0.00%,0.03%
2209,IA FINANCIAL CORP INC,36 ,0.00%,0.05%
2210,GODREJ PROPERTIES LTD,36 ,0.00%,0.07%
2211,SIGNATURE BANK,35 ,0.00%,0.04%
2212,CHONGQING BREWERY CO A,35 ,0.00%,0.03%
2213,SMITH + NEPHEW PLC  SPON ADR,35 ,0.00%,0.02%
2214,MATSON INC,35 ,0.00%,0.12%
2215,NETWORK INTERNATIONAL HOLDIN,35 ,0.00%,0.14%
2216,SEGRO PLC,35 ,0.00%,0.03%
2217,VERBUND AG,35 ,0.00%,0.02%
2218,AFRICAN RAINBOW MINERALS LTD,35 ,0.00%,0.07%
2219,BANDHAN BANK LTD,35 ,0.00%,0.06%
2220,ALROSA PJSC,35 ,0.00%,0.05%
2221,COMMUNITY HEALTHCARE TRUST I,35 ,0.00%,0.30%
2222,WAN HAI LINES LTD,35 ,0.00%,0.04%
2223,JIANGSU HENGLI HYDRAULIC C A,35 ,0.00%,0.02%
2224,EMPRESAS CMPC SA,35 ,0.00%,0.07%
2225,NATIONAL STORAGE AFFILIATES,35 ,0.00%,0.08%
2226,FUCHS PETROLUB SE PREF,35 ,0.00%,0.11%
2227,KOMERI CO LTD,35 ,0.00%,0.24%
2228,ANADOLU EFES BIRACILIK VE,35 ,0.00%,0.13%
2229,ZIJIN MINING GROUP CO LTD A,35 ,0.00%,0.01%
2230,ARKEMA,34 ,0.00%,0.04%
2231,MANHATTAN ASSOCIATES INC,34 ,0.00%,0.04%
2232,ZOMATO LTD,34 ,0.00%,0.04%
2233,MASIMO CORP,34 ,0.00%,0.03%
2234,TOPSPORTS INTERNATIONAL HOLD,34 ,0.00%,0.06%
2235,CHINA AIRLINES LTD,34 ,0.00%,0.07%
2236,MINOR INTERNATIONAL PCL FOR,34 ,0.00%,0.05%
2237,HUNDSUN TECHNOLOGIES INC A,34 ,0.00%,0.02%
2238,AFFILIATED MANAGERS GROUP,34 ,0.00%,0.05%
2239,DONGYUE GROUP,34 ,0.00%,0.11%
2240,HAIER SMART HOME CO LTD A,34 ,0.00%,0.01%
2241,AXIS CAPITAL HOLDINGS LTD,34 ,0.00%,0.06%
2242,BANK OF NINGBO CO LTD  A,34 ,0.00%,0.01%
2243,SPECTRIS PLC,34 ,0.00%,0.07%
2244,BAJAJ HOLDINGS AND INVESTMEN,34 ,0.00%,0.03%
2245,SPECTRUM BRANDS HOLDINGS INC,34 ,0.00%,0.11%
2246,AFYA LTD CLASS A,34 ,0.00%,0.36%
2247,ONEMAIN HOLDINGS INC,34 ,0.00%,0.07%
2248,SOLARIS OILFIELD INFRAST A,34 ,0.00%,0.81%
2249,ACI WORLDWIDE INC,34 ,0.00%,0.10%
2250,ZSCALER INC,34 ,0.00%,0.02%
2251,JIUMAOJIU INTERNATIONAL HOLD,34 ,0.00%,0.07%
2252,CONCENTRIX CORP,34 ,0.00%,0.04%
2253,INCHCAPE PLC,34 ,0.00%,0.06%
2254,BANCO SANTANDER  BRASIL UNIT,34 ,0.00%,0.01%
2255,COMPUTER ENGINEER + CONSULT,33 ,0.00%,0.61%
2256,MMG LTD,33 ,0.00%,0.12%
2257,TELEKOM MALAYSIA BHD,33 ,0.00%,0.06%
2258,BANCOLOMBIA SA PREF,33 ,0.00%,0.08%
2259,ABOITIZ EQUITY VENTURES INC,33 ,0.00%,0.04%
2260,YOKOHAMA RUBBER CO LTD,33 ,0.00%,0.10%
2261,H+R BLOCK INC,33 ,0.00%,0.05%
2262,CENTAMIN PLC,33 ,0.00%,0.17%
2263,HAN S LASER TECHNOLOGY IN A,33 ,0.00%,0.07%
2264,TECNOGLASS INC,33 ,0.00%,0.18%
2265,THE FOSCHINI GROUP LTD,33 ,0.00%,0.13%
2266,NS SOLUTIONS CORP,33 ,0.00%,0.12%
2267,XEROX HOLDINGS CORP,33 ,0.00%,0.11%
2268,SUNAC CHINA HOLDINGS LTD,33 ,0.00%,0.08%
2269,GREE ELECTRIC APPLIANCES I A,33 ,0.00%,0.01%
2270,PARKLAND CORP,33 ,0.00%,0.07%
2271,NATURA +CO HOLDING SA,33 ,0.00%,0.08%
2272,TOPCON CORP,33 ,0.00%,0.21%
2273,HINO MOTORS LTD,33 ,0.00%,0.12%
2274,EQT AB,33 ,0.00%,0.01%
2275,SHAANXI COAL INDUSTRY CO L A,33 ,0.00%,0.01%
2276,NET ONE SYSTEMS CO LTD,33 ,0.00%,0.12%
2277,BAWAG GROUP AG,32 ,0.00%,0.06%
2278,SAVOLA,32 ,0.00%,0.06%
2279,LIBERTY GLOBAL PLC  C,32 ,0.00%,0.05%
2280,JUMBO SA,32 ,0.00%,0.11%
2281,HEIDELBERGCEMENT AG,32 ,0.00%,0.02%
2282,CIA SIDERURGICA NACIONAL SA,32 ,0.00%,0.07%
2283,FORD OTOMOTIV SANAYI AS,32 ,0.00%,0.03%
2284,CHURCHILL DOWNS INC,32 ,0.00%,0.03%
2285,AIR TRANSPORT SERVICES GROUP,32 ,0.00%,0.13%
2286,MOSCOW EXCHANGE MICEX RTS PJ,32 ,0.00%,0.09%
2287,ISUZU MOTORS LTD,32 ,0.00%,0.03%
2288,HENNES + MAURITZ AB B SHS,32 ,0.00%,0.02%
2289,PEPKOR HOLDINGS LTD,32 ,0.00%,0.06%
2290,INTERCONEXION ELECTRICA SA,32 ,0.00%,0.05%
2291,BANK OF COMMUNICATIONS CO A,32 ,0.00%,0.01%
2292,CHINA VANKE CO LTD  A,32 ,0.00%,0.01%
2293,WEST FRASER TIMBER CO LTD,32 ,0.00%,0.04%
2294,MAXLINEAR INC,32 ,0.00%,0.09%
2295,VISTA OUTDOOR INC,32 ,0.00%,0.18%
2296,METALURGICA GERDAU SA PREF,32 ,0.00%,0.15%
2297,ELEMENT SOLUTIONS INC,31 ,0.00%,0.06%
2298,BOX INC   CLASS A,31 ,0.00%,0.06%
2299,GPT GROUP,31 ,0.00%,0.05%
2300,ITT INC,31 ,0.00%,0.04%
2301,HUBEI FEILIHUA QUARTZ GLAS A,31 ,0.00%,0.06%
2302,POLY DEVELOPMENTS AND HOLD A,31 ,0.00%,0.01%
2303,BOC AVIATION LTD,31 ,0.00%,0.04%
2304,SIGNIFY NV,31 ,0.00%,0.06%
2305,MAXAR TECHNOLOGIES INC,31 ,0.00%,0.06%
2306,CHINA LIFE INSURANCE CO A,31 ,0.00%,0.00%
2307,CRRC CORP LTD   H,31 ,0.00%,0.14%
2308,ZTE CORP A,31 ,0.00%,0.02%
2309,CREST NICHOLSON HOLDINGS,31 ,0.00%,0.33%
2310,ELEMENTIS PLC,31 ,0.00%,0.29%
2311,CENTRAL PATTANA PUB CO FOREI,31 ,0.00%,0.03%
2312,GENTING MALAYSIA BHD,31 ,0.00%,0.07%
2313,JA SOLAR TECHNOLOGY CO LTD A,31 ,0.00%,0.01%
2314,CIELO SA,31 ,0.00%,0.09%
2315,VISCOFAN SA,31 ,0.00%,0.08%
2316,PZ CUSSONS PLC,30 ,0.00%,0.22%
2317,LUPIN LTD,30 ,0.00%,0.06%
2318,BY HEALTH CO LTD A,30 ,0.00%,0.04%
2319,ALUMINUM CORP OF CHINA LTD A,30 ,0.00%,0.03%
2320,GREENTOWN CHINA HOLDINGS,30 ,0.00%,0.06%
2321,ANEKA TAMBANG TBK,30 ,0.00%,0.08%
2322,CITIC SECURITIES CO A,30 ,0.00%,0.01%
2323,ULTRAPAR PARTICIPACOES SA,30 ,0.00%,0.09%
2324,NORSK HYDRO ASA,30 ,0.00%,0.02%
2325,HUATAI SECURITIES CO LTD H,30 ,0.00%,0.12%
2326,SAAB AB B,30 ,0.00%,0.05%
2327,HACHIJUNI BANK LTD/THE,30 ,0.00%,0.12%
2328,ADIENT PLC,30 ,0.00%,0.07%
2329,HUANENG POWER INTL INC H,30 ,0.00%,0.11%
2330,KAR AUCTION SERVICES INC,30 ,0.00%,0.17%
2331,JIANGSU YANGHE BREWERY  A,30 ,0.00%,0.01%
2332,YUEXIU PROPERTY CO LTD,30 ,0.00%,0.06%
2333,AUROBINDO PHARMA LTD,30 ,0.00%,0.08%
2334,BOE TECHNOLOGY GROUP CO LT A,30 ,0.00%,0.01%
2335,NISHI NIPPON FINANCIAL HOLDI,30 ,0.00%,0.21%
2336,ENCOMPASS HEALTH CORP,30 ,0.00%,0.04%
2337,CHINA GALAXY SECURITIES CO H,30 ,0.00%,0.13%
2338,FAR EAST HORIZON LTD,29 ,0.00%,0.07%
2339,JOHNSON MATTHEY PLC,29 ,0.00%,0.05%
2340,CERIDIAN HCM HOLDING INC,29 ,0.00%,0.02%
2341,TREACE MEDICAL CONCEPTS INC,29 ,0.00%,0.18%
2342,RICARDO PLC,29 ,0.00%,0.64%
2343,CLEARFIELD INC,29 ,0.00%,0.16%
2344,ZHANGZHOU PIENTZEHUANG PHA A,29 ,0.00%,0.01%
2345,SAUDI RESEARCH + MEDIA GROUP,29 ,0.00%,0.06%
2346,MAPFRE SA,29 ,0.00%,0.04%
2347,VICTORIA S SECRET + CO,29 ,0.00%,0.08%
2348,BEIJING WANTAI BIOLOGICAL A,29 ,0.00%,0.01%
2349,BANCO DE CREDITO E INVERSION,29 ,0.00%,0.05%
2350,UNITED CO RUSAL INTERNATIONA,29 ,0.00%,0.03%
2351,EVE ENERGY CO LTD A,29 ,0.00%,0.01%
2352,SCG PACKAGING PCL FOREIGN,29 ,0.00%,0.03%
2353,EXACT SCIENCES CORP,29 ,0.00%,0.03%
2354,JFE SYSTEMS INC,29 ,0.00%,0.83%
2355,TELIA CO AB,29 ,0.00%,0.02%
2356,SUNGROW POWER SUPPLY CO LT A,29 ,0.00%,0.01%
2357,GLOBAL UNICHIP CORP,29 ,0.00%,0.08%
2358,METROPOLITAN BANK + TRUST,29 ,0.00%,0.05%
2359,NAHDI MEDICAL CO,29 ,0.00%,0.04%
2360,WHITEHAVEN COAL LTD,29 ,0.00%,0.04%
2361,TWILIO INC   A,29 ,0.00%,0.03%
2362,CHINA LITERATURE LTD,29 ,0.00%,0.06%
2363,CHINA LIFE INSURANCE CO A,29 ,0.00%,0.00%
2364,SAMVARDHANA MOTHERSON INTERN,29 ,0.00%,0.04%
2365,PTT GLOBAL CHEMICAL PCL FOR,29 ,0.00%,0.04%
2366,AMMB HOLDINGS BHD,29 ,0.00%,0.07%
2367,MICROPORT SCIENTIFIC CORP,29 ,0.00%,0.05%
2368,TRINA SOLAR CO LTD A,29 ,0.00%,0.01%
2369,BEIJING ENTERPRISES HLDGS,28 ,0.00%,0.06%
2370,ENERGISA SA UNITS,28 ,0.00%,0.07%
2371,RYERSON HOLDING CORP,28 ,0.00%,0.20%
2372,TISCO FINANCIAL GROUP NVDR,28 ,0.00%,0.10%
2373,GENWORTH FINANCIAL INC CL A,28 ,0.00%,0.09%
2374,GOLDEN OCEAN GROUP LTD,28 ,0.00%,0.13%
2375,MACROMILL INC,28 ,0.00%,0.69%
2376,RUBIS,28 ,0.00%,0.08%
2377,YIHAI INTERNATIONAL HOLDING,28 ,0.00%,0.06%
2378,CHINA CINDA ASSET MANAGEME H,28 ,0.00%,0.12%
2379,ATOSS SOFTWARE AG,28 ,0.00%,0.19%
2380,BERGER PAINTS INDIA LTD,28 ,0.00%,0.03%
2381,KOSAIDO HOLDINGS CO LTD,28 ,0.00%,0.48%
2382,THAI OIL PCL NVDR,28 ,0.00%,0.06%
2383,HAITONG SECURITIES CO LTD H,28 ,0.00%,0.11%
2384,JOYY INC ADR,28 ,0.00%,0.13%
2385,KENNEDY WILSON HOLDINGS INC,28 ,0.00%,0.10%
2386,CHINA EVERBRIGHT ENVIRONMENT,28 ,0.00%,0.08%
2387,ENOVIS CORP,28 ,0.00%,0.08%
2388,VIRGIN MONEY UK PLC,28 ,0.00%,0.07%
2389,CLEVELAND CLIFFS INC,28 ,0.00%,0.03%
2390,PTC THERAPEUTICS INC,28 ,0.00%,0.08%
2391,CIA DE MINAS BUENAVENTUR ADR,28 ,0.00%,0.11%
2392,KAGA ELECTRONICS CO LTD,28 ,0.00%,0.25%
2393,H+E EQUIPMENT SERVICES INC,28 ,0.00%,0.13%
2394,INTER RAO UES PJSC,28 ,0.00%,0.04%
2395,MDU RESOURCES GROUP INC,28 ,0.00%,0.04%
2396,AAC TECHNOLOGIES HOLDINGS IN,28 ,0.00%,0.08%
2397,3SBIO INC,28 ,0.00%,0.08%
2398,CMOC GROUP LTD H,28 ,0.00%,0.12%
2399,DAR AL ARKAN REAL ESTATE DEV,28 ,0.00%,0.06%
2400,CITIZEN WATCH CO LTD,27 ,0.00%,0.16%
2401,KAMAN CORP,27 ,0.00%,0.35%
2402,INDO TAMBANGRAYA MEGAH TBK P,27 ,0.00%,0.08%
2403,HEXPOL AB,27 ,0.00%,0.06%
2404,CUMMINS INDIA LTD,27 ,0.00%,0.05%
2405,CARNIVAL CORP,27 ,0.00%,0.02%
2406,ANHUI GUJING DISTILLERY CO B,27 ,0.00%,0.11%
2407,PING AN BANK CO LTD A,27 ,0.00%,0.01%
2408,SPIRENT COMMUNICATIONS PLC,27 ,0.00%,0.11%
2409,BARWA REAL ESTATE CO,27 ,0.00%,0.07%
2410,SHANGHAI FOSUN PHARMACEUTI H,27 ,0.00%,0.12%
2411,HEKTAS TICARET T.A.S,27 ,0.00%,0.04%
2412,TELEFONICA DEUTSCHLAND HOLDI,27 ,0.00%,0.03%
2413,BLUESCOPE STEEL LTD,27 ,0.00%,0.04%
2414,NIEN MADE ENTERPRISE CO LTD,27 ,0.00%,0.08%
2415,USS CO LTD,27 ,0.00%,0.05%
2416,CHINA THREE GORGES RENEWAB A,27 ,0.00%,0.01%
2417,STANLEY ELECTRIC CO LTD,27 ,0.00%,0.06%
2418,SVENSKA CELLULOSA AB SCA B,27 ,0.00%,0.03%
2419,MUTHOOT FINANCE LTD,27 ,0.00%,0.04%
2420,COCA COLA FEMSA SAB SP ADR,27 ,0.00%,0.06%
2421,MYTILINEOS S.A.,27 ,0.00%,0.07%
2422,SHEDE SPIRITS CO LTD A,27 ,0.00%,0.03%
2423,ABB INDIA LTD,27 ,0.00%,0.03%
2424,INNOVIVA INC,27 ,0.00%,0.23%
2425,CHINA COMMUNICATIONS SERVI H,27 ,0.00%,0.24%
2426,EASTERLY GOVERNMENT PROPERTI,27 ,0.00%,0.16%
2427,BLUEPRINT MEDICINES CORP,27 ,0.00%,0.08%
2428,NAVIGATOR CO SA/THE,27 ,0.00%,0.08%
2429,KIATNAKIN PHATRA BANK P NVDR,27 ,0.00%,0.12%
2430,SARANA MENARA NUSANTARA PT,27 ,0.00%,0.06%
2431,MIDEA GROUP CO LTD A,27 ,0.00%,0.00%
2432,EXEO GROUP INC,27 ,0.00%,0.11%
2433,ELECOM CO LTD,27 ,0.00%,0.22%
2434,HOME PRODUCT CENTER PCL NVDR,27 ,0.00%,0.04%
2435,AUSTEVOLL SEAFOOD ASA,26 ,0.00%,0.11%
2436,INDORAMA VENTURES FOREIGN,26 ,0.00%,0.03%
2437,ATACADAO SA,26 ,0.00%,0.04%
2438,ENCORE CAPITAL GROUP INC,26 ,0.00%,0.19%
2439,MOBILEZONE HOLDING AG REG,26 ,0.00%,0.28%
2440,KILROY REALTY CORP,26 ,0.00%,0.05%
2441,IPSEN,26 ,0.00%,0.02%
2442,SIIX CORP,26 ,0.00%,0.43%
2443,FALABELLA SA,26 ,0.00%,0.04%
2444,SAPUTO INC,26 ,0.00%,0.02%
2445,CHINA UNITED NETWORK A,26 ,0.00%,0.01%
2446,ROKU INC,26 ,0.00%,0.04%
2447,PETRONAS DAGANGAN BHD,26 ,0.00%,0.04%
2448,GF SECURITIES CO LTD H,26 ,0.00%,0.08%
2449,KFORCE INC,26 ,0.00%,0.18%
2450,BANGCHAK CORP PCL NVDR,26 ,0.00%,0.17%
2451,GRACO INC,26 ,0.00%,0.02%
2452,SG HOLDINGS CO LTD,26 ,0.00%,0.02%
2453,EQUITY COMMONWEALTH,26 ,0.00%,0.07%
2454,HKT TRUST AND HKT LTD SS,26 ,0.00%,0.02%
2455,CHINA MOBILE LTD A,26 ,0.00%,0.02%
2456,NU HOLDINGS LTD/CAYMAN ISL A,26 ,0.00%,0.01%
2457,INDOFOOD CBP SUKSES MAKMUR T,26 ,0.00%,0.03%
2458,WINNING HEALTH TECHNOLOGY A,26 ,0.00%,0.06%
2459,TRONOX HOLDINGS PLC,26 ,0.00%,0.10%
2460,HARMONIC INC,26 ,0.00%,0.15%
2461,PRESS KOGYO CO LTD,26 ,0.00%,0.58%
2462,SHANGHAI BAOSIGHT SOFTWARE B,26 ,0.00%,0.13%
2463,TRANSMEDICS GROUP INC,26 ,0.00%,0.10%
2464,WIN SEMICONDUCTORS CORP,26 ,0.00%,0.11%
2465,EDP   ENERGIAS DO BRASIL SA,26 ,0.00%,0.09%
2466,BURBERRY GROUP PLC,25 ,0.00%,0.02%
2467,INDAH KIAT PULP + PAPER TBK,25 ,0.00%,0.07%
2468,HEALTHCARE REALTY TRUST INC,25 ,0.00%,0.03%
2469,ATRICURE INC,25 ,0.00%,0.10%
2470,LEVI STRAUSS + CO  CLASS A,25 ,0.00%,0.13%
2471,INDRAPRASTHA GAS LTD,25 ,0.00%,0.06%
2472,TEXTAINER GROUP HOLDINGS LTD,25 ,0.00%,0.14%
2473,GLOBAL SHIP LEASE INC CL A,25 ,0.00%,0.33%
2474,MOBILE TELESYSTEMS PUBLIC JO,25 ,0.00%,0.04%
2475,MITSUBISHI GAS CHEMICAL CO,25 ,0.00%,0.07%
2476,NGK INSULATORS LTD,25 ,0.00%,0.05%
2477,LUFAX HOLDING LTD ADR,25 ,0.00%,0.04%
2478,HOME PRODUCT CENTER PCL FOR,25 ,0.00%,0.03%
2479,UNITY SOFTWARE INC,25 ,0.00%,0.02%
2480,FORTERRA PLC,25 ,0.00%,0.41%
2481,CELLDEX THERAPEUTICS INC,25 ,0.00%,0.09%
2482,MINOR INTERNATIONAL PCL NVDR,25 ,0.00%,0.04%
2483,LIBERTY MEDIA COR SIRIUSXM C,25 ,0.00%,0.02%
2484,YAMADA HOLDINGS CO LTD,25 ,0.00%,0.06%
2485,SHOCKWAVE MEDICAL INC,25 ,0.00%,0.03%
2486,FOCUS MEDIA INFORMATION TE A,25 ,0.00%,0.01%
2487,XTEP INTERNATIONAL HOLDINGS,25 ,0.00%,0.07%
2488,BARRY CALLEBAUT AG REG,25 ,0.00%,0.02%
2489,PUBLIC POWER CORP,25 ,0.00%,0.07%
2490,COSCO SHIPPING HOLDINGS CO A,25 ,0.00%,0.01%
2491,NEW CHINA LIFE INSURANCE C A,25 ,0.00%,0.02%
2492,FREENET AG,25 ,0.00%,0.08%
2493,JENOPTIK AG,25 ,0.00%,0.12%
2494,PRIMAX ELECTRONICS LTD,25 ,0.00%,0.24%
2495,NCC GROUP PLC,25 ,0.00%,0.26%
2496,CHINA PETROLEUM + CHEMICAL A,25 ,0.00%,0.00%
2497,ISHARES CORE MSCI EMERGING MAR,25 ,0.00%,0.00%
2498,NOVOCURE LTD,25 ,0.00%,0.03%
2499,ALMIRALL SA,25 ,0.00%,0.11%
2500,BARNES GROUP INC,25 ,0.00%,0.09%
2501,PATRICK INDUSTRIES INC,24 ,0.00%,0.14%
2502,SCHRODERS PLC,24 ,0.00%,0.02%
2503,CAVCO INDUSTRIES INC,24 ,0.00%,0.10%
2504,CHONGQING ZHIFEI BIOLOGICA A,24 ,0.00%,0.01%
2505,MITSUBISHI RESEARCH INSTITUT,24 ,0.00%,0.32%
2506,PERFICIENT INC,24 ,0.00%,0.08%
2507,ORION OYJ CLASS B,24 ,0.00%,0.03%
2508,ESAB CORP,24 ,0.00%,0.07%
2509,STRABAG SE,24 ,0.00%,0.00%
2510,INTOUCH HOLDINGS PCL NVDR,24 ,0.00%,0.03%
2511,CYFROWY POLSAT SA,24 ,0.00%,0.10%
2512,BGC PARTNERS INC CL A,24 ,0.00%,0.16%
2513,AVIENT CORP,24 ,0.00%,0.06%
2514,CRRC CORP LTD A,24 ,0.00%,0.01%
2515,LYNAS RARE EARTHS LTD,24 ,0.00%,0.04%
2516,BRUNSWICK CORP,24 ,0.00%,0.04%
2517,AMERICAN AIRLINES GROUP INC,24 ,0.00%,0.02%
2518,POP MART INTERNATIONAL GROUP,24 ,0.00%,0.05%
2519,CPFL ENERGIA SA,24 ,0.00%,0.03%
2520,NEWS CORP   CLASS A,24 ,0.00%,0.03%
2521,C+D INTERNATIONAL INVESTMENT,24 ,0.00%,0.04%
2522,BEIJING CAPITAL INTL AIRPO H,24 ,0.00%,0.14%
2523,NATURGY ENERGY GROUP SA,24 ,0.00%,0.01%
2524,PERSIMMON PLC,24 ,0.00%,0.04%
2525,NATIONAL BANK HOLD CL A,24 ,0.00%,0.12%
2526,MULTIPLAN EMPREENDIMENTOS,24 ,0.00%,0.08%
2527,JAPAN EXCHANGE GROUP INC,24 ,0.00%,0.02%
2528,ASPEN TECHNOLOGY INC,24 ,0.00%,0.01%
2529,WANGSU SCIENCE + TECHNOLOG A,24 ,0.00%,0.10%
2530,ENEL CHILE SA,24 ,0.00%,0.06%
2531,AEON FINANCIAL SERVICE CO LT,24 ,0.00%,0.08%
2532,FLUIDRA SA,24 ,0.00%,0.06%
2533,GRAINCORP LTD A,24 ,0.00%,0.16%
2534,UBISOFT ENTERTAINMENT,23 ,0.00%,0.05%
2535,ALPS ALPINE CO LTD,23 ,0.00%,0.09%
2536,QINGHAI SALT LAKE INDUSTRY A,23 ,0.00%,0.01%
2537,FORTUM OYJ,23 ,0.00%,0.01%
2538,NEXANS SA,23 ,0.00%,0.05%
2539,CHAROEN POKPHAND FOODS NVDR,23 ,0.00%,0.03%
2540,RABIGH REFINING AND PETROCHE,23 ,0.00%,0.04%
2541,BARITO PACIFIC TBK PT,23 ,0.00%,0.04%
2542,OBIC CO LTD,23 ,0.00%,0.01%
2543,ARABIAN INTERNET + COMMUNICA,23 ,0.00%,0.02%
2544,PING AN INSURANCE GROUP CO A,23 ,0.00%,0.00%
2545,JAMES HARDIE INDUSTRIES CDI,23 ,0.00%,0.02%
2546,ZHAOJIN MINING INDUSTRY   H,23 ,0.00%,0.06%
2547,ITALGAS SPA,23 ,0.00%,0.04%
2548,VIRTU FINANCIAL INC CLASS A,23 ,0.00%,0.09%
2549,IAA INC,23 ,0.00%,0.03%
2550,INTOUCH HOLDINGS PCL F,23 ,0.00%,0.03%
2551,QL RESOURCES BHD,23 ,0.00%,0.06%
2552,PUREGOLD PRICE CLUB INC,23 ,0.00%,0.10%
2553,CHONGQING CHANGAN AUTOMOB A,23 ,0.00%,0.01%
2554,THK CO LTD,23 ,0.00%,0.07%
2555,SWISSQUOTE GROUP HOLDING REG,23 ,0.00%,0.08%
2556,CHAMPIONX CORP,23 ,0.00%,0.03%
2557,MIRVAC GROUP,23 ,0.00%,0.03%
2558,MOMO.COM INC,23 ,0.00%,0.04%
2559,BIOCON LTD,23 ,0.00%,0.05%
2560,WISDOM MARINE LINES CO LTD,23 ,0.00%,0.12%
2561,CHINA OVERSEAS PROPERTY HOLD,23 ,0.00%,0.05%
2562,WH SMITH PLC,23 ,0.00%,0.08%
2563,ADVANCED PETROCHEMICALS CO,23 ,0.00%,0.06%
2564,TOP GLOVE CORP BHD,22 ,0.00%,0.11%
2565,WENS FOODSTUFFS GROUP CO   A,22 ,0.00%,0.01%
2566,CHINA JINMAO HOLDINGS GROUP,22 ,0.00%,0.06%
2567,LIBERTY LATIN AMERIC CL C,22 ,0.00%,0.14%
2568,PTT OIL + RETAIL BUS FOREIGN,22 ,0.00%,0.02%
2569,CONVERGE INFORMATION AND COM,22 ,0.00%,0.09%
2570,MEIJI HOLDINGS CO LTD,22 ,0.00%,0.02%
2571,VISTRY GROUP PLC,22 ,0.00%,0.07%
2572,MOHAWK INDUSTRIES INC,22 ,0.00%,0.03%
2573,CHINA RAILWAY GROUP LTD A,22 ,0.00%,0.01%
2574,BENTLEY SYSTEMS INC CLASS B,22 ,0.00%,0.02%
2575,ELASTIC NV,22 ,0.00%,0.04%
2576,HOPE BANCORP INC,22 ,0.00%,0.11%
2577,YELP INC,22 ,0.00%,0.09%
2578,ARGENX SE,22 ,0.00%,0.01%
2579,SENSATA TECHNOLOGIES HOLDING,22 ,0.00%,0.03%
2580,MONDI PLC,22 ,0.00%,0.02%
2581,HEALTHCARE SERVICES GROUP,22 ,0.00%,0.20%
2582,PACIFIC PREMIER BANCORP INC,22 ,0.00%,0.06%
2583,NINGBO DEYE TECHNOLOGY CO  A,22 ,0.00%,0.02%
2584,AXONICS INC,22 ,0.00%,0.06%
2585,AMERICOLD REALTY TRUST INC,22 ,0.00%,0.02%
2586,CHINA EVERBRIGHT BANK CO A,22 ,0.00%,0.01%
2587,WISETECH GLOBAL LTD,22 ,0.00%,0.02%
2588,NISSAN MOTOR CO LTD,22 ,0.00%,0.01%
2589,CIE FINANCIERE RICHEMO A REG,22 ,0.00%,0.00%
2590,AKR CORPORINDO TBK PT,22 ,0.00%,0.10%
2591,PING AN HEALTHCARE AND TECHN,22 ,0.00%,0.06%
2592,ESSENTRA PLC,22 ,0.00%,0.20%
2593,BANGKOK EXPRESSWAY AND M FOR,22 ,0.00%,0.04%
2594,PLUG POWER INC,22 ,0.00%,0.02%
2595,PEPCO GROUP NV,22 ,0.00%,0.03%
2596,CHINA RESOURCES CEMENT,22 ,0.00%,0.05%
2597,AICA KOGYO CO LTD,22 ,0.00%,0.11%
2598,POLYUS PJSC,22 ,0.00%,0.01%
2599,DALLAH HEALTHCARE CO,22 ,0.00%,0.05%
2600,HARTALEGA HOLDINGS BHD,22 ,0.00%,0.13%
2601,EMIRATES CENTRAL COOLING SYS,22 ,0.00%,0.04%
2602,SAVILLS PLC,22 ,0.00%,0.12%
2603,GULF BANK,22 ,0.00%,0.05%
2604,OPERADORA DE SITES MEX  A 1,21 ,0.00%,0.05%
2605,RONGSHENG PETROCHEMICAL CO A,21 ,0.00%,0.01%
2606,INGLES MARKETS INC CLASS A,21 ,0.00%,0.12%
2607,EURONET WORLDWIDE INC,21 ,0.00%,0.04%
2608,ENDEAVOUR MINING PLC,21 ,0.00%,0.03%
2609,TIANQI LITHIUM CORP A,21 ,0.00%,0.01%
2610,BW OFFSHORE LTD,21 ,0.00%,0.36%
2611,COINBASE GLOBAL INC  CLASS A,21 ,0.00%,0.03%
2612,KAISER ALUMINUM CORP,21 ,0.00%,0.14%
2613,MATADOR RESOURCES CO,21 ,0.00%,0.02%
2614,WEIBO CORP SPON ADR,21 ,0.00%,0.06%
2615,POSTAL SAVINGS BANK OF CHI A,21 ,0.00%,0.00%
2616,JA SOLAR TECHNOLOGY CO LTD A,21 ,0.00%,0.01%
2617,PICC HOLDING CO A,21 ,0.00%,0.01%
2618,DKSH HOLDING AG,21 ,0.00%,0.03%
2619,VIPER ENERGY PARTNERS LP,21 ,0.00%,0.07%
2620,CHINA TRADITIONAL CHINESE ME,21 ,0.00%,0.07%
2621,COUSINS PROPERTIES INC,21 ,0.00%,0.04%
2622,ALPHATEC HOLDINGS INC,21 ,0.00%,0.13%
2623,MANILA ELECTRIC COMPANY,21 ,0.00%,0.03%
2624,SHENZHEN INTL HOLDINGS,21 ,0.00%,0.07%
2625,AU SMALL FINANCE BANK LTD,21 ,0.00%,0.03%
2626,LUNDIN MINING CORP,21 ,0.00%,0.03%
2627,ORGANON + CO,21 ,0.00%,0.02%
2628,SPAR GROUP LIMITED/THE,21 ,0.00%,0.13%
2629,BANGKOK EXPRESSWAY NVDR,21 ,0.00%,0.04%
2630,AXON ENTERPRISE INC,21 ,0.00%,0.01%
2631,YUNNAN ENERGY NEW MATERIAL A,21 ,0.00%,0.01%
2632,AXFOOD AB,21 ,0.00%,0.03%
2633,RATHBONES GROUP PLC,21 ,0.00%,0.11%
2634,SOVOS BRANDS INC,21 ,0.00%,0.11%
2635,LEONARDO DRS INC,21 ,0.00%,0.05%
2636,OPEN UP GROUP INC,21 ,0.00%,0.14%
2637,NATIONAL INDUSTRIALIZATION C,21 ,0.00%,0.07%
2638,CHINA LESSO GROUP HOLDINGS L,21 ,0.00%,0.05%
2639,LESLIE S INC,21 ,0.00%,0.07%
2640,MOBILE TELESYSTEMS PUBLIC JO,21 ,0.00%,0.03%
2641,TOYODA GOSEI CO LTD,21 ,0.00%,0.08%
2642,CHINA SOUTHERN AIRLINES CO H,21 ,0.00%,0.05%
2643,SHANGHAI PHARMACEUTICALS H,21 ,0.00%,0.11%
2644,EXLSERVICE HOLDINGS INC,21 ,0.00%,0.03%
2645,SHANDONG GOLD MINING CO LT H,21 ,0.00%,0.10%
2646,ALCHIP TECHNOLOGIES LTD,21 ,0.00%,0.09%
2647,SIRIUS XM HOLDINGS INC,21 ,0.00%,0.01%
2648,NETSTREIT CORP,21 ,0.00%,0.16%
2649,CAPITAL POWER CORP,21 ,0.00%,0.04%
2650,CHINA RUYI HOLDINGS LTD,21 ,0.00%,0.06%
2651,VOPAK,21 ,0.00%,0.04%
2652,SHENZHEN NEW INDUSTRIES BI A,21 ,0.00%,0.03%
2653,DELUXE CORP,20 ,0.00%,0.22%
2654,SANY HEAVY EQUIPMENT INTL,20 ,0.00%,0.05%
2655,CHINA EVERBRIGHT BANK CO L H,20 ,0.00%,0.04%
2656,UNITED ARROWS LTD,20 ,0.00%,0.38%
2657,AECC AVIATION POWER CO A,20 ,0.00%,0.01%
2658,APERAM,20 ,0.00%,0.06%
2659,AMERICANAS SA,20 ,0.00%,0.10%
2660,TAKEUCHI MFG CO LTD,20 ,0.00%,0.15%
2661,BANK OF CHINA LTD A,20 ,0.00%,0.00%
2662,SOLAR A/S B SHS,20 ,0.00%,0.28%
2663,GRUPO AEROPORTUARIO SUR ADR,20 ,0.00%,0.02%
2664,TORISHIMA PUMP MFG CO LTD,20 ,0.00%,0.51%
2665,INTERMEDIATE CAPITAL GROUP,20 ,0.00%,0.04%
2666,BRUKER CORP,20 ,0.00%,0.02%
2667,CHEGG INC,20 ,0.00%,0.05%
2668,FORMOSA SUMCO TECHNOLOGY COR,20 ,0.00%,0.09%
2669,PTT OIL + RETAIL BUSINE NVDR,20 ,0.00%,0.02%
2670,GLORY LTD,20 ,0.00%,0.15%
2671,INSPERITY INC,20 ,0.00%,0.04%
2672,NICHIAS CORP,20 ,0.00%,0.13%
2673,OSOTSPA PCL NVDR,20 ,0.00%,0.06%
2674,XP INC   CLASS A,20 ,0.00%,0.02%
2675,OSHKOSH CORP,20 ,0.00%,0.03%
2676,VALE INDONESIA TBK,20 ,0.00%,0.03%
2677,TETHYS OIL AB,20 ,0.00%,0.82%
2678,TRYG A/S,20 ,0.00%,0.01%
2679,TSINGTAO BREWERY CO LTD A,20 ,0.00%,0.01%
2680,AIR NEW ZEALAND LTD,20 ,0.00%,0.10%
2681,RIVIAN AUTOMOTIVE INC A,20 ,0.00%,0.01%
2682,TECHNOLOGY ONE LTD,20 ,0.00%,0.05%
2683,GLOBE TELECOM INC,20 ,0.00%,0.03%
2684,CIA SUD AMERICANA DE VAPORES,20 ,0.00%,0.04%
2685,CHINA MINSHENG BANKING A,20 ,0.00%,0.01%
2686,BEIJING ENTERPRISES WATER GR,20 ,0.00%,0.06%
2687,TRUE CORP PCL FOREIGN,20 ,0.00%,0.03%
2688,NAPCO SECURITY TECHNOLOGIES,20 ,0.00%,0.15%
2689,TRANSMISSORA ALIANCA DE UNIT,20 ,0.00%,0.07%
2690,PIGEON CORP,20 ,0.00%,0.08%
2691,ANHUI CONCH CEMENT CO LTD A,20 ,0.00%,0.01%
2692,NHK SPRING CO LTD,20 ,0.00%,0.10%
2693,BEIJING KINGSOFT OFFICE SO A,20 ,0.00%,0.01%
2694,OPPEIN HOME GROUP INC A,20 ,0.00%,0.01%
2695,PROCEPT BIOROBOTICS CORP,20 ,0.00%,0.08%
2696,RHEON AUTOMATIC MACHINERY,20 ,0.00%,0.67%
2697,SM ENERGY CO,20 ,0.00%,0.04%
2698,NEXTIER OILFIELD SOLUTIONS I,20 ,0.00%,0.07%
2699,COPA HOLDINGS SA CLASS A,20 ,0.00%,0.06%
2700,OSG CORP,19 ,0.00%,0.11%
2701,GETINGE AB B SHS,19 ,0.00%,0.03%
2702,CHINA NATIONAL NUCLEAR POW A,19 ,0.00%,0.01%
2703,A2 MILK CO LTD,19 ,0.00%,0.04%
2704,INMOBILIARIA COLONIAL SOCIMI,19 ,0.00%,0.04%
2705,BYD CO LTD  A,19 ,0.00%,0.00%
2706,PREMIER FINANCIAL CORP,19 ,0.00%,0.16%
2707,BIPROGY INC,19 ,0.00%,0.05%
2708,ZHEJIANG SANHUA INTELLIGEN A,19 ,0.00%,0.01%
2709,TORO CO,19 ,0.00%,0.01%
2710,ACEN CORP,19 ,0.00%,0.03%
2711,TCL ZHONGHUAN RENEWABLE EN A,19 ,0.00%,0.01%
2712,KINDRED GROUP PLC,19 ,0.00%,0.06%
2713,ATCO LTD  CLASS I,19 ,0.00%,0.05%
2714,UMH PROPERTIES INC,19 ,0.00%,0.17%
2715,MONETA MONEY BANK AS,19 ,0.00%,0.09%
2716,AVICHINA INDUSTRY + TECH H,19 ,0.00%,0.05%
2717,MOBILE TELECOMMUNICATIONS CO,19 ,0.00%,0.06%
2718,GANFENG LITHIUM GROUP CO L A,19 ,0.00%,0.01%
2719,CHINA RAILWAY GROUP LTD A,19 ,0.00%,0.01%
2720,PETROCHINA CO LTD A,19 ,0.00%,0.00%
2721,BEIJING HUAFENG TEST + CON A,19 ,0.00%,0.04%
2722,EMPYREAN TECHNOLOGY CO LTD A,19 ,0.00%,0.02%
2723,CHINA MEIDONG AUTO HOLDINGS,19 ,0.00%,0.06%
2724,UNIGROUP GUOXIN MICROELECT A,19 ,0.00%,0.01%
2725,POLYMETAL INTERNATIONAL PLC,19 ,0.00%,0.06%
2726,NAURA TECHNOLOGY GROUP CO A,19 ,0.00%,0.01%
2727,UBICOM HOLDINGS INC,19 ,0.00%,0.74%
2728,IMEIK TECHNOLOGY DEVELOPME A,19 ,0.00%,0.01%
2729,GEOVIS TECHNOLOGY CO LTD A,19 ,0.00%,0.07%
2730,JDE PEET S NV,19 ,0.00%,0.01%
2731,PACIFIC METALS CO LTD,19 ,0.00%,0.53%
2732,SARTORIUS STEDIM BIOTECH,19 ,0.00%,0.00%
2733,KANSAI ELECTRIC POWER CO INC,19 ,0.00%,0.02%
2734,GAZPROM PJSC,19 ,0.00%,0.00%
2735,FORBO HOLDING AG REG,19 ,0.00%,0.08%
2736,CHENGDU HONGQI CHAIN CO LT A,19 ,0.00%,0.13%
2737,JCET GROUP CO LTD A,19 ,0.00%,0.02%
2738,DANA INC,19 ,0.00%,0.07%
2739,POWER CONSTRUCTION CORP OF A,19 ,0.00%,0.01%
2740,CHONGQING CHANGAN AUTOMOB A,19 ,0.00%,0.01%
2741,TENNANT CO,19 ,0.00%,0.13%
2742,BRASKEM SA PREF A,19 ,0.00%,0.09%
2743,CSC FINANCIAL CO LTD A,19 ,0.00%,0.01%
2744,ZHEJIANG EXPRESSWAY CO H,19 ,0.00%,0.13%
2745,MEDIBANK PRIVATE LTD,19 ,0.00%,0.03%
2746,JIANGSU EXPRESS CO LTD H,19 ,0.00%,0.13%
2747,ESSENT GROUP LTD,19 ,0.00%,0.03%
2748,FULLCAST HOLDINGS CO LTD,18 ,0.00%,0.18%
2749,CHOCOLADEFABRIKEN LINDT PC,18 ,0.00%,0.01%
2750,KINGSPAN GROUP PLC,18 ,0.00%,0.01%
2751,THONBURI HEALTHCARE GRO NVDR,18 ,0.00%,0.09%
2752,ISRAEL DISCOUNT BANK A,18 ,0.00%,0.02%
2753,H WORLD GROUP LTD,18 ,0.00%,0.01%
2754,MALAYSIA AIRPORTS HLDGS BHD,18 ,0.00%,0.06%
2755,CHOCOLADEFABRIKEN LINDT REG,18 ,0.00%,0.01%
2756,X 5 RETAIL GROUP NV REGS GDR,18 ,0.00%,0.03%
2757,NAGASE + CO LTD,18 ,0.00%,0.08%
2758,TELE2 AB B SHS,18 ,0.00%,0.03%
2759,TRUWORTHS INTERNATIONAL LTD,18 ,0.00%,0.11%
2760,ASE TECHNOLOGY HOLDING  ADR,18 ,0.00%,0.01%
2761,DAQIN RAILWAY CO LTD  A,18 ,0.00%,0.01%
2762,LEOVEGAS AB,18 ,0.00%,0.24%
2763,ZILLOW GROUP INC   C,18 ,0.00%,0.03%
2764,VALVOLINE INC,18 ,0.00%,0.03%
2765,HANNON ARMSTRONG SUSTAINABLE,18 ,0.00%,0.06%
2766,JIANGSU DINGSHENG NEW ENER A,18 ,0.00%,0.05%
2767,TAIHEI DENGYO KAISHA LTD,18 ,0.00%,0.28%
2768,ANHUI GUJING DISTILLERY CO A,18 ,0.00%,0.01%
2769,MR DIY GROUP M BHD,18 ,0.00%,0.03%
2770,ECOVYST INC,18 ,0.00%,0.12%
2771,CHINA CSSC HOLDINGS LTD A,18 ,0.00%,0.01%
2772,ASAHI KASEI CORP,18 ,0.00%,0.01%
2773,POWERSCHOOL HOLDINGS INC A,18 ,0.00%,0.04%
2774,BANCO DE SABADELL SA,18 ,0.00%,0.03%
2775,XINYI GLASS HOLDINGS LTD,18 ,0.00%,0.02%
2776,GUOTAI JUNAN SECURITIES CO A,18 ,0.00%,0.01%
2777,THAI BEVERAGE PCL,18 ,0.00%,0.01%
2778,BANK OF JIANGSU CO LTD A,18 ,0.00%,0.01%
2779,KAKEN PHARMACEUTICAL CO LTD,18 ,0.00%,0.10%
2780,ELANCO ANIMAL HEALTH INC,18 ,0.00%,0.02%
2781,SUMCO CORP,18 ,0.00%,0.03%
2782,G BITS NETWORK TECHNOLOGY A,18 ,0.00%,0.04%
2783,MONDE NISSIN CORP,18 ,0.00%,0.04%
2784,BANK OF NANJING CO LTD  A,18 ,0.00%,0.01%
2785,BTS GROUP HOLDINGS PCL FORGN,18 ,0.00%,0.04%
2786,MSC INDUSTRIAL DIRECT CO A,18 ,0.00%,0.04%
2787,LAND + HOUSES PUB CO FOR REG,18 ,0.00%,0.04%
2788,STONEX GROUP INC,17 ,0.00%,0.07%
2789,SAIC MOTOR CORP LTD A,17 ,0.00%,0.01%
2790,TATE + LYLE PLC,17 ,0.00%,0.04%
2791,TKH GROUP NV DUTCH CERT,17 ,0.00%,0.08%
2792,MBANK SA,17 ,0.00%,0.05%
2793,NH FOODS LTD,17 ,0.00%,0.05%
2794,CHINA MERCHANTS SECURITIES A,17 ,0.00%,0.01%
2795,MONTAGE TECHNOLOGY CO LTD A,17 ,0.00%,0.01%
2796,CHINA YANGTZE POWE REG S,17 ,0.00%,0.00%
2797,HUGO BOSS AG   ORD,17 ,0.00%,0.03%
2798,ARGAN INC,17 ,0.00%,0.27%
2799,PIAGGIO + C. S.P.A.,17 ,0.00%,0.13%
2800,SHANGHAI FUDAN MICROELECT H,17 ,0.00%,0.13%
2801,INCITEC PIVOT LTD,17 ,0.00%,0.03%
2802,ACUITY BRANDS INC,17 ,0.00%,0.03%
2803,TOKAI RIKA CO LTD,17 ,0.00%,0.13%
2804,NATIONAL STORAGE REIT,17 ,0.00%,0.07%
2805,FLAT GLASS GROUP CO LTD H,17 ,0.00%,0.12%
2806,ALTAGAS LTD,17 ,0.00%,0.03%
2807,YUNNAN BAIYAO GROUP CO LTD A,17 ,0.00%,0.01%
2808,MARINEMAX INC,17 ,0.00%,0.20%
2809,VINDA INTERNATIONAL HOLDINGS,17 ,0.00%,0.04%
2810,BEL FUSE INC CL B,17 ,0.00%,0.40%
2811,KINGBOARD LAMINATES HLDG LTD,17 ,0.00%,0.04%
2812,CURTISS WRIGHT CORP,17 ,0.00%,0.02%
2813,PARAGON 28 INC,17 ,0.00%,0.09%
2814,AMC NETWORKS INC A,17 ,0.00%,0.27%
2815,BOE TECHNOLOGY GROUP CO LT A,17 ,0.00%,0.01%
2816,POWER ASSETS HOLDINGS LTD,17 ,0.00%,0.01%
2817,DAI NIPPON PRINTING CO LTD,17 ,0.00%,0.02%
2818,PACK CORP/THE,17 ,0.00%,0.37%
2819,CHEMOMETEC A/S,17 ,0.00%,0.08%
2820,SHAFTESBURY PLC,17 ,0.00%,0.08%
2821,CIA CERVECERIAS UNIDAS SA,17 ,0.00%,0.05%
2822,XI AN TRIANGLE DEFENSE CO  A,17 ,0.00%,0.05%
2823,PHOTRONICS INC,17 ,0.00%,0.13%
2824,WUS PRINTED CIRCUIT KUNSHA A,17 ,0.00%,0.04%
2825,TREEHOUSE FOODS INC,17 ,0.00%,0.05%
2826,DUERR AG,17 ,0.00%,0.06%
2827,TEEKAY TANKERS LTD CLASS A,17 ,0.00%,0.15%
2828,SHOTSPOTTER INC,17 ,0.00%,0.32%
2829,SOUTHWEST AIRLINES CO,17 ,0.00%,0.01%
2830,SOFTWARE SERVICE INC,17 ,0.00%,0.34%
2831,SUZHOU MAXWELL TECHNOLOGIE A,17 ,0.00%,0.01%
2832,TOYO INK SC HOLDINGS CO LTD,17 ,0.00%,0.17%
2833,AVANTAX INC,17 ,0.00%,0.11%
2834,HANGZHOU ROBAM APPLIANCES A,17 ,0.00%,0.03%
2835,WIX.COM LTD,17 ,0.00%,0.03%
2836,TELUS CORP,17 ,0.00%,0.00%
2837,BRF SA,17 ,0.00%,0.08%
2838,MILLERKNOLL INC,17 ,0.00%,0.08%
2839,TRUSCO NAKAYAMA CORP,17 ,0.00%,0.13%
2840,AVARY HOLDING SHENZHEN CO  A,17 ,0.00%,0.01%
2841,QUALYS INC,17 ,0.00%,0.03%
2842,NV5 GLOBAL INC,17 ,0.00%,0.06%
2843,HELEN OF TROY LTD,17 ,0.00%,0.05%
2844,RIOCAN REAL ESTATE INVST TR,17 ,0.00%,0.03%
2845,LUNDIN MINING CORP,17 ,0.00%,0.03%
2846,LUKOIL PJSC,17 ,0.00%,0.00%
2847,SHENZHEN CAPCHEM TECHNOLOG A,17 ,0.00%,0.03%
2848,YAKULT HONSHA CO LTD,17 ,0.00%,0.01%
2849,OLD SECOND BANCORP INC,17 ,0.00%,0.18%
2850,B GRIMM POWER PCL NVDR,16 ,0.00%,0.04%
2851,SHENZHEN DYNANONIC CO LTD A,16 ,0.00%,0.02%
2852,SHENWAN HONGYUAN GROUP CO A,16 ,0.00%,0.01%
2853,CHINA NORTHERN RARE EARTH  A,16 ,0.00%,0.01%
2854,MONRO INC,16 ,0.00%,0.09%
2855,CBIZ INC,16 ,0.00%,0.05%
2856,MARTINREA INTERNATIONAL INC,16 ,0.00%,0.19%
2857,MGP INGREDIENTS INC,16 ,0.00%,0.06%
2858,APPLUS SERVICES SA,16 ,0.00%,0.14%
2859,GUANGZHOU TINCI MATERIALS  A,16 ,0.00%,0.01%
2860,SURGICAL SCIENCE SWEDEN AB,16 ,0.00%,0.16%
2861,SHIN NIPPON BIOMEDICAL LABOR,16 ,0.00%,0.18%
2862,KIMBALL INTERNATIONAL B,16 ,0.00%,0.54%
2863,TT ELECTRONICS PLC,16 ,0.00%,0.35%
2864,EXTREME NETWORKS INC,16 ,0.00%,0.05%
2865,HAYS PLC,16 ,0.00%,0.06%
2866,GS YUASA CORP,16 ,0.00%,0.10%
2867,BANK JAGO TBK PT,16 ,0.00%,0.04%
2868,BROOKFIELD RENEWABLE COR A,16 ,0.00%,0.03%
2869,HENGLI PETROCHEMICAL CO L A,16 ,0.00%,0.01%
2870,PENUMBRA INC,16 ,0.00%,0.02%
2871,CENTURY COMMUNITIES INC,16 ,0.00%,0.08%
2872,GALENICA AG,16 ,0.00%,0.03%
2873,TERNA ENERGY SA,16 ,0.00%,0.05%
2874,BANK OF BEIJING CO LTD  A,16 ,0.00%,0.01%
2875,GF SECURITIES CO LTD A,16 ,0.00%,0.01%
2876,CHINA MERCHANTS SHEKOU IND A,16 ,0.00%,0.01%
2877,KRUNG THAI BANK PUB CO FOREI,16 ,0.00%,0.02%
2878,MINERAL RESOURCES LTD,16 ,0.00%,0.01%
2879,XPO INC,16 ,0.00%,0.03%
2880,HAP SENG CONSOLIDATED,16 ,0.00%,0.03%
2881,EMAAR ECONOMIC CITY,16 ,0.00%,0.05%
2882,COHEN + STEERS INC,16 ,0.00%,0.04%
2883,CENTRAL RETAIL CORP PCL NVDR,16 ,0.00%,0.02%
2884,NEWMARK GROUP INC CLASS A,16 ,0.00%,0.10%
2885,TOAST INC CLASS A,16 ,0.00%,0.02%
2886,PERSOL HOLDINGS CO LTD,16 ,0.00%,0.02%
2887,MOBILE WORLD INVESTMENT CORP,16 ,0.00%,0.05%
2888,CRITEO SA SPON ADR,16 ,0.00%,0.08%
2889,ZHEJIANG HUAYOU COBALT CO  A,16 ,0.00%,0.01%
2890,WILL SEMICONDUCTOR CO LTD A,16 ,0.00%,0.01%
2891,HIROGIN HOLDINGS INC,16 ,0.00%,0.08%
2892,BANK OF GEORGIA GROUP PLC,16 ,0.00%,0.08%
2893,CAPCOM CO LTD,16 ,0.00%,0.01%
2894,DANIELI + CO RSP,16 ,0.00%,0.20%
2895,SANDY SPRING BANCORP INC,16 ,0.00%,0.08%
2896,BREAD FINANCIAL HOLDINGS INC,16 ,0.00%,0.07%
2897,OFFSHORE OIL ENGINEERING A,16 ,0.00%,0.03%
2898,GF SECURITIES CO LTD A,16 ,0.00%,0.01%
2899,MTR CORP,16 ,0.00%,0.00%
2900,KONECRANES OYJ,16 ,0.00%,0.05%
2901,TOHO HOLDINGS CO LTD,16 ,0.00%,0.09%
2902,HANGZHOU FIRST APPLIED MAT A,16 ,0.00%,0.01%
2903,CHINA GALAXY SECURITIES CO A,16 ,0.00%,0.01%
2904,IWG PLC,16 ,0.00%,0.06%
2905,HARMONY BIOSCIENCES HOLDINGS,16 ,0.00%,0.04%
2906,WACOAL HOLDINGS CORP,15 ,0.00%,0.11%
2907,SANWAYUKA INDUSTRY CORP,15 ,0.00%,0.85%
2908,ENCORE WIRE CORP,15 ,0.00%,0.05%
2909,CHINA RESOURCES PHARMACEUTIC,15 ,0.00%,0.02%
2910,VERRA MOBILITY CORP,15 ,0.00%,0.06%
2911,SUMITOMO HEAVY INDUSTRIES,15 ,0.00%,0.05%
2912,SHENZHEN SC NEW ENERGY TEC A,15 ,0.00%,0.02%
2913,MACNICA HOLDINGS INC,15 ,0.00%,0.08%
2914,MINEBEA MITSUMI INC,15 ,0.00%,0.02%
2915,SPRING AIRLINES CO LTD A,15 ,0.00%,0.01%
2916,BABCOCK INTL GROUP PLC,15 ,0.00%,0.07%
2917,KRUNG THAI BANK   NVDR,15 ,0.00%,0.02%
2918,TBEA CO LTD A,15 ,0.00%,0.01%
2919,INNER MONGOLIA BAOTOU STE A,15 ,0.00%,0.01%
2920,BIFFA PLC,15 ,0.00%,0.08%
2921,VECTOR INC,15 ,0.00%,0.25%
2922,HONG LEONG FINANCIAL GROUP,15 ,0.00%,0.02%
2923,CHARTER HALL GROUP,15 ,0.00%,0.03%
2924,HIRAKAWA HEWTECH CORP,15 ,0.00%,0.80%
2925,BANK OF SHANGHAI CO LTD A,15 ,0.00%,0.01%
2926,XPONENTIAL FITNESS INC A,15 ,0.00%,0.19%
2927,OSB GROUP PLC,15 ,0.00%,0.05%
2928,COMMERCIAL METALS CO,15 ,0.00%,0.02%
2929,HAITONG SECURITIES CO LTD A,15 ,0.00%,0.01%
2930,TOYOTA TSUSHO CORP,15 ,0.00%,0.01%
2931,LIVZON PHARMACEUTICAL GROU A,15 ,0.00%,0.04%
2932,BANCA TRANSILVANIA SA,15 ,0.00%,0.04%
2933,MPC CONTAINER SHIPS AS,15 ,0.00%,0.16%
2934,BJ S RESTAURANTS INC,15 ,0.00%,0.19%
2935,ENN NATURAL GAS CO LTD A,15 ,0.00%,0.02%
2936,HUNDSUN TECHNOLOGIES INC A,15 ,0.00%,0.01%
2937,SKAN GROUP AG,15 ,0.00%,0.08%
2938,TEVA PHARMACEUTICAL IND LTD,15 ,0.00%,0.01%
2939,DALI FOODS GROUP CO LTD,15 ,0.00%,0.02%
2940,BAUSCH HEALTH COS INC,15 ,0.00%,0.05%
2941,DAIICHI KIGENSO KAGAKU KOGYO,15 ,0.00%,0.62%
2942,MEDISTIM ASA,15 ,0.00%,0.27%
2943,ONEX CORPORATION,15 ,0.00%,0.03%
2944,BRIXMOR PROPERTY GROUP INC,15 ,0.00%,0.02%
2945,HENAN SHUANGHUI INVESTMENT A,15 ,0.00%,0.01%
2946,FASTIGHETS AB BALDER B SHRS,15 ,0.00%,0.02%
2947,ZHEJIANG HUAYOU COBALT CO  A,15 ,0.00%,0.01%
2948,FAURECIA,15 ,0.00%,0.04%
2949,ASX LTD,15 ,0.00%,0.01%
2950,SP GROUP A/S,15 ,0.00%,0.25%
2951,SHANXI LU AN ENVIRONMENTAL A,15 ,0.00%,0.02%
2952,JAPAN STEEL WORKS LTD,15 ,0.00%,0.08%
2953,UNIVAR SOLUTIONS INC,15 ,0.00%,0.02%
2954,ELECTRICITY GEN PUB CO FOREI,15 ,0.00%,0.04%
2955,STEADFAST GROUP LTD,15 ,0.00%,0.03%
2956,KIKKOMAN CORP,15 ,0.00%,0.01%
2957,CELESTICA INC,15 ,0.00%,0.10%
2958,KORN FERRY,15 ,0.00%,0.04%
2959,AIR CHINA LTD A,15 ,0.00%,0.01%
2960,KUREHA CORP,15 ,0.00%,0.09%
2961,GFL ENVIRONMENTAL INC SUB VT,15 ,0.00%,0.01%
2962,ALLKEM LTD,15 ,0.00%,0.02%
2963,MIZRAHI TEFAHOT BANK LTD,15 ,0.00%,0.01%
2964,GLOBAL POWER SYNERGY PCL F,15 ,0.00%,0.02%
2965,KANEMATSU ELECTRONICS LTD,15 ,0.00%,0.12%
2966,JIANGSU YOKE TECHNOLOGY A,15 ,0.00%,0.03%
2967,CHINA SOUTHERN AIRLINES CO A,15 ,0.00%,0.01%
2968,APTUS VALUE HOUSING FINANCE,15 ,0.00%,0.06%
2969,BEAZER HOMES USA INC,14 ,0.00%,0.29%
2970,ALPINE INCOME PROPERTY TRUST,14 ,0.00%,0.50%
2971,MCJ CO LTD,14 ,0.00%,0.16%
2972,TONGWEI CO LTD A,14 ,0.00%,0.00%
2973,TIS INC,14 ,0.00%,0.02%
2974,SUNTORY BEVERAGE + FOOD LTD,14 ,0.00%,0.01%
2975,ALLISON TRANSMISSION HOLDING,14 ,0.00%,0.03%
2976,KYORIN HOLDINGS INC,14 ,0.00%,0.13%
2977,SEEK LTD,14 ,0.00%,0.02%
2978,ARDMORE SHIPPING CORP,14 ,0.00%,0.21%
2979,NIHON NOHYAKU CO LTD,14 ,0.00%,0.25%
2980,TOKYO KIRABOSHI FINANCIAL GR,14 ,0.00%,0.18%
2981,HUADONG MEDICINE CO LTD A,14 ,0.00%,0.01%
2982,CAREL INDUSTRIES SPA,14 ,0.00%,0.04%
2983,KINSALE CAPITAL GROUP INC,14 ,0.00%,0.02%
2984,OZON HOLDINGS PLC   ADR,14 ,0.00%,0.03%
2985,SCOR SE,14 ,0.00%,0.03%
2986,BTS GROUP HOLDINGS PCL NVDR,14 ,0.00%,0.03%
2987,BERLI JUCKER PUB CO FORGN,14 ,0.00%,0.03%
2988,ASSET WORLD CORP PCL FOREIGN,14 ,0.00%,0.02%
2989,KLOECKNER + CO SE,14 ,0.00%,0.11%
2990,UNITED THERAPEUTICS CORP,14 ,0.00%,0.01%
2991,PLYMOUTH INDUSTRIAL REIT INC,14 ,0.00%,0.13%
2992,MEDIOBANCA SPA,14 ,0.00%,0.01%
2993,SHANDONG HUALU HENGSHENG A,14 ,0.00%,0.01%
2994,SOMFY SA,14 ,0.00%,0.02%
2995,COMET HOLDING AG REG,14 ,0.00%,0.07%
2996,JAPAN LIFELINE CO LTD,14 ,0.00%,0.19%
2997,WAREHOUSES DE PAUW SCA,14 ,0.00%,0.02%
2998,NINGXIA BAOFENG ENERGY GRO A,14 ,0.00%,0.01%
2999,YANKUANG ENERGY GROUP CO A,14 ,0.00%,0.01%
3000,INTERROLL HOLDING AG REG,14 ,0.00%,0.05%
3001,TAG IMMOBILIEN AG,14 ,0.00%,0.10%
3002,VIVENDI,14 ,0.00%,0.01%
3003,TRUEBLUE INC,14 ,0.00%,0.17%
3004,OPTORUN CO LTD,14 ,0.00%,0.14%
3005,MOMENTIVE GLOBAL INC,14 ,0.00%,0.10%
3006,NIKKON HOLDINGS CO LTD,14 ,0.00%,0.09%
3007,THAI UNION GROUP PCL F,14 ,0.00%,0.05%
3008,TSINGTAO BREWERY CO LTD A,14 ,0.00%,0.01%
3009,VOESTALPINE AG,14 ,0.00%,0.02%
3010,ALTRA INDUSTRIAL MOTION CORP,14 ,0.00%,0.03%
3011,HUALI INDUSTRIAL GROUP CO  A,14 ,0.00%,0.01%
3012,GEA GROUP AG,14 ,0.00%,0.01%
3013,MASTERBRAND INC,14 ,0.00%,0.11%
3014,AIR WATER INC,14 ,0.00%,0.04%
3015,UNIPHAR PLC,14 ,0.00%,0.12%
3016,WASHINGTON TRUST BANCORP,14 ,0.00%,0.13%
3017,SUZUKEN CO LTD,14 ,0.00%,0.04%
3018,EMS CHEMIE HOLDING AG REG,14 ,0.00%,0.01%
3019,CMOC GROUP LTD A,13 ,0.00%,0.01%
3020,AAK AB,13 ,0.00%,0.02%
3021,SIEMENS ENERGY AG,13 ,0.00%,0.01%
3022,YTO EXPRESS GROUP CO LTD A,13 ,0.00%,0.01%
3023,SWISS PRIME SITE REG,13 ,0.00%,0.02%
3024,KRUNGTHAI CARD PCL NVDR,13 ,0.00%,0.02%
3025,BANK OF HANGZHOU CO LTD A,13 ,0.00%,0.01%
3026,TIPTREE INC,13 ,0.00%,0.21%
3027,TEIJIN LTD,13 ,0.00%,0.05%
3028,IMCD NV,13 ,0.00%,0.01%
3029,TOROMONT INDUSTRIES LTD,13 ,0.00%,0.02%
3030,KAWASAKI HEAVY INDUSTRIES,13 ,0.00%,0.03%
3031,FOXCONN INDUSTRIAL INTERNE A,13 ,0.00%,0.00%
3032,RAIFFEISEN BANK INTERNATIONA,13 ,0.00%,0.02%
3033,ZHEJIANG JINGSHENG MECHANI A,13 ,0.00%,0.01%
3034,SHANGHAI PUTAILAI NEW ENER A,13 ,0.00%,0.01%
3035,CHANGCHUN HIGH + NEW TECH A,13 ,0.00%,0.01%
3036,CYBERARK SOFTWARE LTD/ISRAEL,13 ,0.00%,0.02%
3037,NINESTAR CORP A,13 ,0.00%,0.01%
3038,TOC CO LTD,13 ,0.00%,0.21%
3039,NCAB GROUP AB,13 ,0.00%,0.09%
3040,JAPAN AIRLINES CO LTD,13 ,0.00%,0.01%
3041,WEATHERFORD INTERNATIONAL PL,13 ,0.00%,0.03%
3042,VTB BANK PJSC,13 ,0.00%,0.47%
3043,PHARMARON BEIJING CO LTD A,13 ,0.00%,0.01%
3044,NORTHEAST BANK,13 ,0.00%,0.33%
3045,INMODE LTD,13 ,0.00%,0.03%
3046,NITORI HOLDINGS CO LTD,13 ,0.00%,0.01%
3047,INDUTRADE AB,13 ,0.00%,0.01%
3048,SHANGHAI FOSUN PHARMACEUTI A,13 ,0.00%,0.01%
3049,DIPLOMA PLC,13 ,0.00%,0.02%
3050,SUZHOU MAXWELL TECHNOLOGIE A,13 ,0.00%,0.01%
3051,SHANDONG GOLD MINING CO LT A,13 ,0.00%,0.01%
3052,CONCORDIA FINANCIAL GROUP LT,13 ,0.00%,0.02%
3053,MONTAGE TECHNOLOGY CO LTD A,13 ,0.00%,0.01%
3054,RECORDATI INDUSTRIA CHIMICA,13 ,0.00%,0.01%
3055,NITTO DENKO CORP,13 ,0.00%,0.01%
3056,IFLYTEK CO LTD   A,13 ,0.00%,0.01%
3057,TELENET GROUP HOLDING NV,13 ,0.00%,0.06%
3058,FOSHAN HAITIAN FLAVOURING  A,13 ,0.00%,0.00%
3059,DIGI INTERNATIONAL INC,13 ,0.00%,0.08%
3060,ACCIONA SA,13 ,0.00%,0.01%
3061,TAKE AND GIVE NEEDS CO LTD,13 ,0.00%,0.71%
3062,LIBERTY ENERGY INC,13 ,0.00%,0.03%
3063,EAGLE MATERIALS INC,13 ,0.00%,0.02%
3064,DISCOVERIE GROUP PLC,13 ,0.00%,0.12%
3065,GREAT WALL MOTOR CO LTD A,13 ,0.00%,0.00%
3066,PHOENIX GROUP HOLDINGS PLC,13 ,0.00%,0.01%
3067,JMT NETWORK SERVICES FOREIGN,13 ,0.00%,0.03%
3068,RATCH GROUP PCL NVDR,13 ,0.00%,0.04%
3069,CHEWY INC   CLASS A,13 ,0.00%,0.02%
3070,SG MICRO CORP A,13 ,0.00%,0.01%
3071,GINLONG TECHNOLOGIES CO LT A,13 ,0.00%,0.01%
3072,BE SEMICONDUCTOR INDUSTRIES,13 ,0.00%,0.02%
3073,BANCA MEDIOLANUM SPA,13 ,0.00%,0.02%
3074,CHIBA BANK LTD/THE,13 ,0.00%,0.02%
3075,HUATAI SECURITIES CO LTD A,13 ,0.00%,0.01%
3076,HAMAMATSU PHOTONICS KK,13 ,0.00%,0.01%
3077,NUMIS CORPORATION PLC,12 ,0.00%,0.39%
3078,DAITO PHARMACEUTICAL CO LTD,12 ,0.00%,0.36%
3079,SHANGHAI LUJIAZUI FIN+TRAD B,12 ,0.00%,0.11%
3080,JAPAN POST BANK CO LTD,12 ,0.00%,0.00%
3081,HISCOX LTD,12 ,0.00%,0.02%
3082,AMS OSRAM AG,12 ,0.00%,0.05%
3083,T+D HOLDINGS INC,12 ,0.00%,0.01%
3084,KERRY PROPERTIES LTD,12 ,0.00%,0.03%
3085,POSHMARK INC CLASS A,12 ,0.00%,0.10%
3086,INTERNATIONAL DISTRIBUTIONS,12 ,0.00%,0.04%
3087,QUIPT HOME MEDICAL CORP,12 ,0.00%,0.57%
3088,EXOR NV,12 ,0.00%,0.01%
3089,MARKS + SPENCER GROUP PLC,12 ,0.00%,0.03%
3090,SHENZHEN OVERSEAS CHINESE A,12 ,0.00%,0.02%
3091,BAYERISCHE MOTOREN WERKE PRF,12 ,0.00%,0.02%
3092,WEICHAI POWER CO LTD A,12 ,0.00%,0.01%
3093,SINO LAND CO,12 ,0.00%,0.01%
3094,SERVICE CORP INTERNATIONAL,12 ,0.00%,0.01%
3095,WINGTECH TECHNOLOGY CO LTD A,12 ,0.00%,0.01%
3096,SHIMAO GROUP HOLDINGS LTD,12 ,0.00%,0.04%
3097,SALIK CO PJSC,12 ,0.00%,0.02%
3098,KAINOS GROUP PLC,12 ,0.00%,0.04%
3099,SOLASTO CORP,12 ,0.00%,0.18%
3100,GUANGZHOU KINGMED DIAGNOST A,12 ,0.00%,0.02%
3101,SESA SPA,12 ,0.00%,0.05%
3102,PETS AT HOME GROUP PLC,12 ,0.00%,0.06%
3103,CAPITAL CITY BANK GROUP INC,12 ,0.00%,0.17%
3104,GIGADEVICE SEMICONDUCTO CL A,12 ,0.00%,0.01%
3105,ACCELLERON INDUSTRIES AG,12 ,0.00%,0.05%
3106,STARTS CORP INC,12 ,0.00%,0.09%
3107,GD POWER DEVELOPMENT CO  A,12 ,0.00%,0.01%
3108,PSP SWISS PROPERTY AG REG,12 ,0.00%,0.02%
3109,TRINA SOLAR CO LTD A,12 ,0.00%,0.00%
3110,NMI HOLDINGS INC CLASS A,12 ,0.00%,0.05%
3111,JIANGSU KING S LUCK BREWER A,12 ,0.00%,0.01%
3112,ARCH RESOURCES INC,12 ,0.00%,0.04%
3113,WIZZ AIR HOLDINGS PLC,12 ,0.00%,0.04%
3114,HUAXIA BANK CO LTD A,12 ,0.00%,0.01%
3115,COSCO SHIPPING ENERGY TRAN A,12 ,0.00%,0.02%
3116,DONGFANG ELECTRIC CORP LTD A,12 ,0.00%,0.01%
3117,SCG PACKAGING PCL NVDR,12 ,0.00%,0.01%
3118,GRIFOLS SA   B,12 ,0.00%,0.04%
3119,CHINA MERCHANTS ENERGY  A,12 ,0.00%,0.01%
3120,BTG HOTELS GROUP CO LTD A,12 ,0.00%,0.02%
3121,KRUNGTHAI CARD PCL FOREIGN,12 ,0.00%,0.02%
3122,HEFEI MEIYA OPTOELECTRONIC A,12 ,0.00%,0.03%
3123,DISH NETWORK CORP A,12 ,0.00%,0.02%
3124,ASSOCIATED BRITISH FOODS PLC,12 ,0.00%,0.01%
3125,SRISAWAD CORP PCL NVDR,12 ,0.00%,0.05%
3126,GUANGHUI ENERGY CO LTD A,12 ,0.00%,0.01%
3127,LINK AND MOTIVATION INC,12 ,0.00%,0.17%
3128,LIBERTY MEDIA COR SIRIUSXM A,12 ,0.00%,0.02%
3129,HUANENG POWER INTL INC A,12 ,0.00%,0.01%
3130,ADVANCED MICRO FABRICATION A,12 ,0.00%,0.01%
3131,SHIZUOKA FINANCIAL GROUP INC,12 ,0.00%,0.02%
3132,XINJIANG GOLDWIND SCI+TEC H,12 ,0.00%,0.13%
3133,CONCENTRIC AB,12 ,0.00%,0.13%
3134,ORIENT SECURITIES CO LTD A,12 ,0.00%,0.01%
3135,ALSO HOLDING AG REG,12 ,0.00%,0.04%
3136,HENKEL AG + CO KGAA,12 ,0.00%,0.01%
3137,NISSAN TOKYO SALES HOLDINGS,12 ,0.00%,0.61%
3138,MAXSCEND MICROELECTRONICS  A,11 ,0.00%,0.01%
3139,UT GROUP CO LTD,11 ,0.00%,0.13%
3140,STOLT NIELSEN LTD,11 ,0.00%,0.06%
3141,WALVAX BIOTECHNOLOGY CO A,11 ,0.00%,0.01%
3142,COFACE SA,11 ,0.00%,0.05%
3143,GUOSEN SECURITIES CO LTD A,11 ,0.00%,0.01%
3144,SHANGHAI BAOSIGHT SOFTWARE A,11 ,0.00%,0.01%
3145,RAPID7 INC,11 ,0.00%,0.04%
3146,CHINA ENERGY ENGINEERING C A,11 ,0.00%,0.01%
3147,CHINA JUSHI CO LTD  A,11 ,0.00%,0.01%
3148,BANQUE CANTONALE VAUDOIS REG,11 ,0.00%,0.01%
3149,NINGBO DEYE TECHNOLOGY CO  A,11 ,0.00%,0.01%
3150,CAPITAL BANCORP INC/MD,11 ,0.00%,0.27%
3151,SDIPTECH AB   B,11 ,0.00%,0.11%
3152,ELEMENT FLEET MANAGEMENT COR,11 ,0.00%,0.02%
3153,TOYO SUISAN KAISHA LTD,11 ,0.00%,0.02%
3154,BEIJING TONGRENTANG CO A,11 ,0.00%,0.01%
3155,YIHAI KERRY ARAWANA HOLDIN A,11 ,0.00%,0.00%
3156,TREASURY WINE ESTATES LTD,11 ,0.00%,0.01%
3157,GENOVIS AB,11 ,0.00%,0.31%
3158,37 INTERACTIVE ENTERTAINME A,11 ,0.00%,0.02%
3159,ATKORE INC,11 ,0.00%,0.02%
3160,GRAND CANYON EDUCATION INC,11 ,0.00%,0.03%
3161,ZANGGE MINING CO LTD A,11 ,0.00%,0.01%
3162,STROEER SE + CO KGAA,11 ,0.00%,0.03%
3163,ZHEJIANG CHINT ELECTRICS A,11 ,0.00%,0.01%
3164,SIGHT SCIENCES INC,11 ,0.00%,0.15%
3165,BYLINE BANCORP INC,11 ,0.00%,0.10%
3166,KEPPEL CORP LTD,11 ,0.00%,0.01%
3167,NINGBO TUOPU GROUP CO LTD A,11 ,0.00%,0.01%
3168,GRAND CITY PROPERTIES,11 ,0.00%,0.05%
3169,TITAN MACHINERY INC,11 ,0.00%,0.10%
3170,GOERTEK INC  A,11 ,0.00%,0.01%
3171,METALLURGICAL CORP OF CHIN A,11 ,0.00%,0.01%
3172,AOYAMA TRADING CO LTD,11 ,0.00%,0.25%
3173,THERMON GROUP HOLDINGS INC,11 ,0.00%,0.13%
3174,BOYD GROUP SERVICES INC,11 ,0.00%,0.03%
3175,JIANGSU HENGSHUN VINEGAR I A,11 ,0.00%,0.05%
3176,TIAN DI SCIENCE + TECHNOLO A,11 ,0.00%,0.03%
3177,CHINA ZHENHUA GROUP SCIENC A,11 ,0.00%,0.01%
3178,SHIBAURA MACHINE CO LTD,11 ,0.00%,0.16%
3179,MEDACTA GROUP SA,11 ,0.00%,0.04%
3180,NORTH PACIFIC BANK LTD,11 ,0.00%,0.11%
3181,B LOT CO LTD,11 ,0.00%,1.05%
3182,OZ MINERALS LTD,11 ,0.00%,0.01%
3183,ANHUI HUAHENG BIOTECHNOLOG A,11 ,0.00%,0.04%
3184,INTERACTIVE BROKERS GRO CL A,11 ,0.00%,0.01%
3185,RADIANT LOGISTICS INC,11 ,0.00%,0.35%
3186,BOA VISTA SERVICOS SA,11 ,0.00%,0.12%
3187,IRADIMED CORP,11 ,0.00%,0.24%
3188,BUKIT ASAM TBK PT,11 ,0.00%,0.03%
3189,USEN NEXT HOLDINGS CO LTD,11 ,0.00%,0.09%
3190,MING YANG SMART ENERGY GRO A,11 ,0.00%,0.01%
3191,PRAIRIESKY ROYALTY LTD,11 ,0.00%,0.02%
3192,COMMSCOPE HOLDING CO INC,11 ,0.00%,0.06%
3193,COLRUYT SA,11 ,0.00%,0.03%
3194,MODEC INC,11 ,0.00%,0.15%
3195,OISIX RA DAICHI INC,11 ,0.00%,0.13%
3196,INTERFOR CORP,11 ,0.00%,0.11%
3197,HIBIYA ENGINEERING LTD,11 ,0.00%,0.24%
3198,TECHNIP ENERGIES ADR   SPON,11 ,0.00%,0.03%
3199,SICHUAN ROAD+BRIDGE GROUP A,11 ,0.00%,0.01%
3200,HUBEI BIOCAUSE PHARMACEUTI A,11 ,0.00%,0.04%
3201,WEST AFRICAN RESOURCES LTD,11 ,0.00%,0.10%
3202,RATCH GROUP PCL FOREIGN,11 ,0.00%,0.03%
3203,LEM HOLDING SA REG,11 ,0.00%,0.04%
3204,DESCARTES SYSTEMS GRP/THE,11 ,0.00%,0.01%
3205,CHINA CONSTRUCTION BANK A,11 ,0.00%,0.01%
3206,DIGITAL VALUE SPA,11 ,0.00%,0.12%
3207,UMICORE,11 ,0.00%,0.01%
3208,ECOPETROL SA SPONSORED ADR,11 ,0.00%,0.00%
3209,OZON HOLDINGS PLC   ADR,11 ,0.00%,0.03%
3210,CHINA RESOURCES MICROELECT A,11 ,0.00%,0.01%
3211,WILLSCOT MOBILE MINI HOLDING,11 ,0.00%,0.01%
3212,GUANGZHOU AUTOMOBILE GROUP A,11 ,0.00%,0.01%
3213,RAMBUS INC,11 ,0.00%,0.02%
3214,JACKSON FINANCIAL INC A,11 ,0.00%,0.03%
3215,TOHO TITANIUM CO LTD,11 ,0.00%,0.06%
3216,ASSET WORLD CORP PCL NVDR,11 ,0.00%,0.01%
3217,PIEDMONT OFFICE REALTY TRU A,11 ,0.00%,0.07%
3218,EIZO CORP,11 ,0.00%,0.15%
3219,TRE HOLDINGS CORP,11 ,0.00%,0.15%
3220,EURONEXT NV,11 ,0.00%,0.01%
3221,OX2 AB,11 ,0.00%,0.04%
3222,CHINA EASTERN AIRLINES CO A,11 ,0.00%,0.01%
3223,NIPPON ELECTRIC GLASS CO LTD,11 ,0.00%,0.05%
3224,OOMA INC,11 ,0.00%,0.25%
3225,STORA ENSO OYJ R SHS,11 ,0.00%,0.01%
3226,ICF INTERNATIONAL INC,11 ,0.00%,0.04%
3227,NORTHWEST PIPE CO,11 ,0.00%,0.25%
3228,NINGBO JIFENG AUTO PARTS C A,10 ,0.00%,0.03%
3229,GEMDALE CORP A,10 ,0.00%,0.01%
3230,MINGYUE OPTICAL LENS CO LT A,10 ,0.00%,0.07%
3231,SMURFIT KAPPA GROUP PLC,10 ,0.00%,0.01%
3232,SATELLITE CHEMICAL CO LTD A,10 ,0.00%,0.01%
3233,WORLD HOLDINGS CO LTD,10 ,0.00%,0.25%
3234,WILMAR INTERNATIONAL LTD,10 ,0.00%,0.00%
3235,XINJIANG XINTAI NATURAL GA A,10 ,0.00%,0.06%
3236,K S HOLDINGS CORP,10 ,0.00%,0.04%
3237,SHANXI COKING COAL ENERGY A,10 ,0.00%,0.01%
3238,TCL TECHNOLOGY GROUP CORP A,10 ,0.00%,0.01%
3239,CHAOZHOU THREE CIRCLE GROU A,10 ,0.00%,0.01%
3240,OPPEIN HOME GROUP INC A,10 ,0.00%,0.01%
3241,EREX CO LTD,10 ,0.00%,0.08%
3242,FRANKLIN COVEY CO,10 ,0.00%,0.12%
3243,EVERBRIGHT SECURITIE CO  A,10 ,0.00%,0.01%
3244,ENDEAVOUR GROUP LTD/AUSTRALI,10 ,0.00%,0.01%
3245,GLOBAL POWER SYNERGY NVDR,10 ,0.00%,0.01%
3246,UNISPLENDOUR CORP LTD A,10 ,0.00%,0.01%
3247,COROMANDEL INTERNATIONAL LTD,10 ,0.00%,0.03%
3248,COFCO BIOTECHNOLOGY CL LT A,10 ,0.00%,0.04%
3249,DISCO CORP,10 ,0.00%,0.01%
3250,AECOM,10 ,0.00%,0.01%
3251,HUIZHOU DESAY SV AUTOMOTIV A,10 ,0.00%,0.01%
3252,SECUNET SECURITY NETWORKS AG,10 ,0.00%,0.06%
3253,CHINA EVERGRANDE GROUP,10 ,0.00%,0.03%
3254,HARBORONE BANCORP INC,10 ,0.00%,0.12%
3255,METSO OUTOTEC OYJ,10 ,0.00%,0.01%
3256,XVIVO PERFUSION AB,10 ,0.00%,0.15%
3257,JIANGSU ZHONGTIAN TECHNOLO A,10 ,0.00%,0.01%
3258,NEW HOPE LIUHE CO LTD A,10 ,0.00%,0.01%
3259,MITSUBISHI SHOKUHIN CO LTD,10 ,0.00%,0.08%